tweetText,tweetCreated,tweetLength,negSentiment,neuSentiment,posSentiment,comSentiment,Sentiment_Label
Dennis Pursley on Alabama's 200 medley relay win https://t.co/1soN3jdwqt via @YouTube,########,85,0,0.725,0.275,0.5859,Neutral
"RT @itsrachelle21: the emotional depth and clarity thatâ€™s here is just pure talentðŸ‘Œout of this world really. 
 
 Juan Karlos | Biyak (Lyric Viâ€¦",########,140,0,0.823,0.177,0.5106,Neutral
@pewdiepie Your video still isn't trending @YouTube what the hell.,########,66,0.338,0.662,0,-0.6808,Neutral
burning spear weeping and wailing + dub - live 1987 https://t.co/vGRou4pXN6 via @YouTube,########,88,0.225,0.775,0,-0.4404,Positive
"Gil Scott Heron- Angel Dust https://t.co/YmnocQOq51 via @YouTube
 
 HAPPY BIRTHDAY KING",########,84,0,0.619,0.381,0.6739,Neutral
Jigsaw Foundation community funding https://t.co/PMFQ6oD2FF via @YouTube,########,72,0,1,0,0,Neutral
@Michelle_RTR @YouTube Hope you have a great day!ðŸ™ðŸ»,########,51,0,0.407,0.593,0.807,Neutral
RT @Find_Kemo: #FindKemo The Cancer Support Dog https://t.co/fynUpO9ZMF via @YouTube @KarenFi51820768 #MondayMotivaton https://t.co/4epHoFdâ€¦,########,140,0.243,0.608,0.149,-0.4019,Neutral
RT @SanremoAncheNoi: #jazz [DISTORTION] Spanish Laughing Man El Risitas - Content Aware Scale https://t.co/xYlkATmSY5 via @YouTube,########,130,0,0.814,0.186,0.4939,Neutral
RT @connectorno2la1: connector no 2las music https://t.co/fplyn6SnFW via @YouTube,########,81,0.216,0.784,0,-0.296,Neutral
"@usali0039 @YouTube ðŸ™„ðŸ™„ðŸ™„ðŸ™„ðŸ™„ðŸ™„ðŸ™„ðŸ™„ðŸ™„ðŸ™„ðŸ™„ðŸ™„ðŸ™„ðŸ™„ðŸ™„ðŸ™„mail received fro multan ! 
 
 largest supplier of beggars for terrorist state Pakistan",########,120,0.277,0.723,0,-0.7177,Neutral
Linda Ronstadt &amp; Aaron Neville - Don't Know Much Subtitulado https://t.co/GpTAPDSuAr via @YouTube. For my Heart!!!,########,120,0,1,0,0,Neutral
"Jeanine Pirro Rips The FBI, DOJ &amp; CIA - Opening Statement https://t.co/6VJUU4ZipO via @YouTube",########,99,0,1,0,0,Neutral
"Every ""Meddling Kids"" comment from Scooby-Doo, Where Are You! https://t.co/E0ZaiS6xYn via @YouTube @NFLGMleague",########,111,0,1,0,0,Neutral
RT @8874Tiger: ã€Ayasaã€‘Re:Birthã€€ã€œAyasa Theater episode 7 https://t.co/09kMZtnWpk @YouTube #music #violinist #japanese Ayasaâ™¡ And Evâ€¦,########,140,0,1,0,0,Neutral
Evelyn Farkas Says Obama Admin Spied On Trump https://t.co/RnqolVKvH6 via @YouTube,########,82,0,1,0,0,Neutral
Braveheart: Scotts Fight On https://t.co/mdKj2F7OwQ via @YouTube,########,64,0.302,0.698,0,-0.3818,Neutral
Yeah! God Hand's back! Super Replay â€“ God Hand Episode 13: Cherry! https://t.co/cGFjITJJ3b via @YouTube,########,103,0,0.385,0.615,0.9243,Neutral
United States Sending Mercenaries WHERE?! https://t.co/1BrsDeRf5D via @YouTube,########,78,0,0.694,0.306,0.4753,Positive
Avengers Endgame Star Chris Evans Bashes Trump https://t.co/2jHnKtMPkW via @YouTube,########,83,0,1,0,0,Neutral
CHECK OUT https://t.co/tCfrZqDey9 NOW !! https://t.co/keTp7gLq0J via @YouTube,########,77,0,1,0,0,Neutral
RT @Get_Chip: Weigh down your spending. #FollowMyLead https://t.co/ZMnBcRylYf @Apple @RevolutApp,########,96,0,1,0,0,Neutral
RT @freiberg_max: @Apple make a debit card for us college kids who like the concept but donâ€™t want a credit score of 400,########,120,0,0.732,0.268,0.6808,Neutral
Dear @tim_cook @apple can we please have more dynamic wallpapers! Regular wallpapers are boring! Thanks!,########,104,0.096,0.419,0.485,0.8507,Neutral
"Happy Birthday to @PASenateGOP member @SenatorDiSanto! We hope you enjoy the best year yet. #HappyBirthday
 
 
 
 Did youâ€¦ https://t.co/aKErfIW5SX",########,140,0,0.495,0.505,0.9359,Neutral
"RT @Apple: Titanium, laser-etched, no numbers, and no fees. A new kind of credit card. Coming this summer.",########,106,0.212,0.676,0.111,-0.2716,Neutral
RT @Apple: Turn off your notifications when youâ€™re behind the wheel. Do Not Disturb While Driving. Thatâ€™s iPhone.,########,113,0,0.883,0.117,0.3089,Neutral
"Whenever I take videos of my dog or watch someone elseâ€™s pet videos I have to ask, why hasnâ€™t @Apple perfected AI nâ€¦ https://t.co/bQJh4Ntc6n",########,140,0,0.85,0.15,0.5719,Neutral
@Apple can yâ€™all pls make some sort of â€œclear allâ€ button? Iâ€™m the worst at closing my apps :( https://t.co/baKBS1VEim,########,118,0.277,0.672,0.051,-0.7717,Neutral
"Apple did me over on April fools by sending me a pink watch, nice one @Apple xxx",########,80,0.16,0.7,0.14,-0.1027,Negative
#Auburn University looking to add @Apple to list of its co-op opportunities for students - https://t.co/vL8x0FiZcJ #MetroCOLA #highered,########,136,0,0.86,0.14,0.3818,Neutral
RT @Apple: Let your phone do the reading for you. Speak Screen. Thatâ€™s iPhone.,########,78,0,1,0,0,Neutral
has anyone had @Apple plug in headphones electrocute their ears while wearing? Happened to me this morning. Had toâ€¦ https://t.co/VezplpqJhM,########,139,0,1,0,0,Neutral
"RT @Apple: Titanium, laser-etched, no numbers, and no fees. A new kind of credit card. Coming this summer.",########,106,0.212,0.676,0.111,-0.2716,Neutral
"Happy birthday, @Apple! Apple Computer Co. was formed #OTD in 1976 by Steve Jobs and Steve Wozniak. #NotAprilFools #Innovation #JustFun",########,135,0,0.826,0.174,0.6114,Neutral
RT @Apple: Apple TV+. A new home for the worldâ€™s most creative storytellers.,########,76,0,0.775,0.225,0.4927,Neutral
"RT @ValaAfshar: April 1, 1976 (43 years ago today):
 
 
 
 @Apple Computer is formed on April 1, 1976. It may have been April Fools' Day, but Steâ€¦",########,140,0.077,0.923,0,-0.2732,Positive
"RT @iddris_sandu: Excited to announce that i'll be teaching a class on design for the largest company in the world. ðŸ
 
 @Apple
 
 
 
 This is blackâ€¦",########,140,0,0.909,0.091,0.34,Neutral
@MadrasiBattery @Apple TrueðŸ˜‚ðŸ˜‚,########,29,0,1,0,0,Positive
"@apple @pschiller Now that some resources have cleared up (AirPower), why donâ€™t you devote some to making Apple casâ€¦ https://t.co/UT7Kofe6jV",########,140,0,0.826,0.174,0.4215,Positive
"Hey @Skype any word on being able to get Skype notifications, messages and or calls on the @Apple Watch again?â€¦ https://t.co/8AWbUCXY3s",########,135,0,1,0,0,Positive
@Apple Not true. Apple lets the US government to spy on its citizens.,########,69,0.163,0.837,0,-0.3252,Neutral
@julietibrahim Lets raise support for #JulieTibrahim @Emmizunik88 @HSBC @OghenetegaEmma2 @Apple @realDonaldTrumpâ€¦ https://t.co/BEr4q1L75k,########,137,0,0.803,0.197,0.4019,Neutral
"Iâ€™m ready to be able to change the background of my texts now.... @Apple Android been able to do that, itâ€™s one ofâ€¦ https://t.co/2dJpIGWpoQ",########,139,0,0.902,0.098,0.3612,Issue
@Oprah @tim_cook @Apple I'm so glad I have a android...dont want NOTHING to do with you. You evil individual @Oprah,########,115,0.179,0.611,0.21,-0.0602,Negative
@Apple u shouldnâ€™t be able to end a ft call by pressing the power button. i hung up on accident too much,########,104,0.147,0.853,0,-0.4767,Issue
Fun piece of @Apple history! Happy birthday Apple! ðŸŽ #tech #applenews https://t.co/SCCGkqjmFB,########,93,0,0.592,0.408,0.8217,Positive
@Martinwife2017 iPhone X @Apple ! Some natural light &amp; portait mode does wondersðŸ™Œ also some editing help from @Photoshop &amp; @Lightroom,########,141,0,0.756,0.244,0.6696,Positive
"Get on it, @Apple! https://t.co/rTLgu5ggTS",########,42,0,1,0,0,Positive
"Happy 43rd Birthday @Apple, ðŸŽ‚ (founded April 1st, 1976 by Steve Jobs and Steve Wozniak) #Apple https://t.co/XXfPtFrSqV",########,118,0,0.821,0.179,0.5719,Positive
@Apple @tim_cook hi apple notice me please i took this using iphone 6 #shotoniphone,########,83,0,0.827,0.173,0.3182,Neutral
"RT @TriviaPower: Madagascar is the worldâ€™s 4th largest island!
 
 @USMadagascar @wwf_mada @CINU261 @IQjackpot @hqtrivia @JustTheFactoids @Uberâ€¦",########,140,0,1,0,0,Neutral
@thekaelynn @Apple i b walkin on the treadmill ðŸ¤·â€â™‚ï¸ðŸ¤·â€â™‚ï¸ðŸ¤·â€â™‚ï¸,########,59,0,1,0,0,Neutral
"RT @GadgetsBoy: Hoping @Apple bundle some of the services. Gaming, Music, TV/Movies. I'm already subscribed to Netflix, Prime and Spotify,â€¦",########,139,0,0.872,0.128,0.4215,Negative
@Apple Do you realize what type of evil that you aligned yourself with by having Oprah? #muteoprah #cancelopraâ€¦ https://t.co/2sygnXyOeA,########,135,0.196,0.804,0,-0.6597,
"RT @ValaAfshar: April 1, 1976 (43 years ago today):
 
 
 
 @Apple Computer is formed on April 1, 1976. It may have been April Fools' Day, but Steâ€¦",########,140,0.077,0.923,0,-0.2732,Neutral
Anybody else experiencing that their #iPhoneX can do about anything BUT allow you to talk to someone? @Apple insistâ€¦ https://t.co/OxgXZEdAOF,########,140,0,0.89,0.11,0.3291,Issue
"I really respect this company. 
 
 @Apple",########,38,0,0.541,0.459,0.5256,Positive
Hello @tim_cook can you please stop selling me broken accessories @AppleSupport @Apple,########,86,0.319,0.542,0.139,-0.4588,Issue
@flywithsid @Apple Thanks for the link. I will see.,########,51,0,0.707,0.293,0.4404,Positive
"RT @BoredElonMusk: Hey @Apple, getting to Mars is a lot easier by rocket versus building a pile of cash that reaches that far. #Protip",########,134,0,0.833,0.167,0.4588,Neutral
Projecting April 7th for @SpaceX second launch of the #FalconHeavy. This will be the first launch since @Apple annoâ€¦ https://t.co/dgbx0Q6nSE,########,140,0,1,0,0,Neutral
"Note to future self: itâ€™s the @Apple macOS Preview app that lets you add text, shapes and lines to PDFs. No need toâ€¦ https://t.co/F6kPMWdHjA",########,140,0.087,0.913,0,-0.296,Negative
@rathibr @Apple Did you check out this? https://t.co/FccRrxB3MB,########,63,0,1,0,0,Neutral
RT @Apple: Survive the accidental spill on your phone. Water Resistance. Thatâ€™s iPhone.,########,87,0.098,0.902,0,-0.0772,Issue
RT @Apple: Turn off your notifications when youâ€™re behind the wheel. Do Not Disturb While Driving. Thatâ€™s iPhone.,########,113,0,0.883,0.117,0.3089,Neutral
RT @Apple: Pick the best shot from within a moving photo. Live Photos. Thatâ€™s iPhone.,########,85,0,0.756,0.244,0.6369,Neutral
@aspathak22 @Apple I'm enjoying the fact that next millennials would have no idea what AirPower is. But we will :),########,114,0.065,0.685,0.25,0.6808,Positive
"RT @Apple: Titanium, laser-etched, no numbers, and no fees. A new kind of credit card. Coming this summer.",########,106,0.212,0.676,0.111,-0.2716,Negative
"RT @AnnaKennedy1: World Autism Awareness Week 1-7 April 2019 https://t.co/2XMPVLawNz
 
 #autism #charity @apple #coventgarden #autismawarenessâ€¦",########,140,0,1,0,0,Neutral
@ElieFinegold @Apple @MetaPropNYC Both ðŸ˜‰,########,40,0,1,0,0,Neutral
"RT @Oprah: Iâ€™m partnering with @tim_cook and @Apple to leave this world a little bit smarter, kinder, and better than we found it. Apple TVâ€¦",########,140,0.04,0.672,0.288,0.8104,Positive
RT @Oprah: Who knew the elevator was going to spin? Only at @apple! https://t.co/aIV76v5nRm,########,91,0,1,0,0,Neutral
RT @Apple: Pick the best shot from within a moving photo. Live Photos. Thatâ€™s iPhone.,########,85,0,0.756,0.244,0.6369,Positive
@Apple Apple is good until Tim Cook decided to screw everything.,########,64,0.105,0.677,0.218,0.3612,Negative
"RT @AnnaKennedy1: World Autism Awareness Week 1-7 April 2019 https://t.co/2XMPVLawNz
 
 #autism #charity @apple #coventgarden #autismawarenessâ€¦",########,140,0,1,0,0,Neutral
"@Apple This is a MasterCard. Traditionally high (usery levels) interest rates. Also, limited to establishments that accept MC",########,125,0.088,0.651,0.26,0.5719,Positive
"Latest rating of 1,000+ US employers on equitable benefits, non-discrim practices, inclusive culture re: #LGBTQ worâ€¦ https://t.co/yfV4bSQRzB",########,140,0,0.86,0.14,0.3818,Positive
"RT @Apple: Titanium, laser-etched, no numbers, and no fees. A new kind of credit card. Coming this summer.",########,106,0.212,0.676,0.111,-0.2716,Neutral
"@Apple IPHONE FULLY SHOT STLISH SHORT FILM 
 
 https://t.co/k4mIebaL5g",########,67,0,1,0,0,Neutral
@Apple Itâ€™s only longer because your updates killed the batteries on the iPhone 6s.,########,83,0.257,0.743,0,-0.6705,Issue
RT @Apple: Turn off your notifications when youâ€™re behind the wheel. Do Not Disturb While Driving. Thatâ€™s iPhone.,########,113,0,0.883,0.117,0.3089,Positive
RT @Apple: Easily log into apps by using your face as your password. Face ID. Thatâ€™s iPhone.,########,92,0,0.87,0.13,0.34,Positive
@SimoneMSamuels @iTunes @tim_cook So strange. I contatcted @Apple but they just told me to update to the newest itâ€¦ https://t.co/Gc2R9k5dDS,########,140,0.086,0.914,0,-0.1737,Issue
RT @Apple: Survive the accidental spill on your phone. Water Resistance. Thatâ€™s iPhone.,########,87,0.098,0.902,0,-0.0772,Issue
I second this motion @instagram @Apple https://t.co/gI2UCxOKEu,########,62,0,1,0,0,Neutral
"So, a few weeks ago @Apple changed the female Australian voice on #HomePod, and itâ€™s TERRIBLE.",########,94,0.215,0.785,0,-0.5904,Issue
"Overheard: there are ~220 #VC backed IPOs in the queue for 2019, 10x the usual number, w/collective equity value apâ€¦ https://t.co/X3BgFdL3qc",########,140,0,0.789,0.211,0.4215,Neutral
"@Apple Never owned an Apple product, never will.",########,48,0,1,0,0,Negative
"Thank you @Apple for fixing my phone, @JoMaloneLondon for bringing out the most beautiful scent that I just HAD toâ€¦ https://t.co/7lCkTa6VSI",########,139,0,0.729,0.271,0.7713,Positive
I need an eyeball emoji that looks the other way ðŸ‘€ @Apple,########,57,0,1,0,0,Neutral
Yes its better than @Apple airpods https://t.co/fW3kohbErw,########,58,0,0.472,0.528,0.6808,Neutral
"One code to rule them all, #visa and #mastercard face off for next generation consumer payments. Personally I thinkâ€¦ https://t.co/7FMUzFL8jq",########,140,0,1,0,0,Neutral
"RT @TheAGamePodcast: You'd be foolish to miss the latest A-Game podcast! After their big announcement last week, @Apple is forging their waâ€¦",########,140,0.166,0.834,0,-0.4574,Neutral
No guys!!! If there is ANYTHING that will make me rethink my relationship with @Apple itâ€™s their USELESS chargers. ðŸ¤¬ðŸ¤¬ðŸ¤¬ ðŸ¤¬,########,120,0.223,0.777,0,-0.7656,Negative
RT @Apple: Pick the best shot from within a moving photo. Live Photos. Thatâ€™s iPhone.,########,85,0,0.756,0.244,0.6369,Neutral
"RT @EricStoller: How long before universities start using @Apple Business Chat as another student recruitment channel? Business tech today,â€¦",########,140,0,1,0,0,Neutral
RT @ICT_Works: Breaking News: @USAID Launches $4.1 Million Artificial Intelligence Initiative w/ @Google @Apple @amazon https://t.co/Z5zKhSâ€¦,########,140,0,0.829,0.171,0.4767,Neutral
"Nice, @Apple told me a new song was available on an album I had preordered - and then charged me for it, without purchase confirmation!",########,135,0.072,0.803,0.124,0.3164,Issue
"@Apple @tim_cook Wow such impressive camera &amp; easy to use, just works, #iPhone XS https://t.co/sNfQNjab87",########,109,0,0.545,0.455,0.875,Positive
About time @SamsungMobile release android pie for the s8. I hope you keep older phones supported like @Apple. Only downside to android,########,134,0.075,0.637,0.288,0.6908,Negative
"RT @telecoms: The @telecoms podcast returns this week with @Apple , @Huawei and Europe! Watch or listen to the full episode here: https://tâ€¦",########,140,0,1,0,0,Neutral
RT @seandalyWFTS: Christian is a GREAT interview. Always love heading out to @FLPolyU. In another world â€” one in which Iâ€™m wicked smahhht â€”â€¦,########,140,0.108,0.604,0.287,0.7672,Positive
"RT @garywhite13: Leaders of @FLPolyU plan trip to North Carolina State to gather ideas for how to promote research park around campus, as @â€¦",########,140,0,0.898,0.102,0.3818,Neutral
"RT @DeLorean5017: Here with the DeLorean at @FLPolyU @FLPolyCon in Lakeland, Florida. #flpolycon2019 #flpolycon #Lakeland #DeLorean https:/â€¦",########,140,0,1,0,0,Neutral
RT @FLPolyU: Another epic @FLPolyCon in the books! ðŸ”¥ https://t.co/PgYF9iIInG,########,76,0.23,0.77,0,-0.4003,Positive
Leaders of @FLPolyU plan trip to North Carolina State to gather ideas for how to promote research park around campuâ€¦ https://t.co/a0B6RIFCxZ,########,140,0,0.885,0.115,0.3818,Neutral
RT @FLPolyU: Another epic @FLPolyCon in the books! ðŸ”¥ https://t.co/PgYF9iIInG,########,76,0.23,0.77,0,-0.4003,Positive
"@JefWeissman @DeLoreanOwners @FLPolyU @FLPolyCon Totally wished, itâ€™ll be awesome to have. ðŸ˜Ž but itâ€™s just a stockâ€¦ https://t.co/e9ykhaDvjD",########,139,0,0.798,0.202,0.5499,Positive
@DeLorean5017 @DeLoreanOwners @FLPolyU @FLPolyCon Is it electric?,########,65,0,1,0,0,Neutral
"RT @DeLorean5017: Here with the DeLorean at @FLPolyU @FLPolyCon in Lakeland, Florida. #flpolycon2019 #flpolycon #Lakeland #DeLorean https:/â€¦",########,140,0,1,0,0,Neutral
"RT @DeLorean5017: Here with the DeLorean at @FLPolyU @FLPolyCon in Lakeland, Florida. #flpolycon2019 #flpolycon #Lakeland #DeLorean https:/â€¦",########,140,0,1,0,0,Neutral
"Here with the DeLorean at @FLPolyU @FLPolyCon in Lakeland, Florida. #flpolycon2019 #flpolycon #Lakeland #DeLorean https://t.co/d1s9us2tfv",########,137,0,1,0,0,Neutral
@FLPolyU Student Wins Madden Gaming Competition https://t.co/5W1uO4piUP #FLPolyU #Florida @MyNews13,########,99,0,0.709,0.291,0.5719,Neutral
.@FLPolyU also hosts its annual #PolyCon this weekend for all the nerds (like me) out there. https://t.co/X9rWaVLR2K https://t.co/DcImhvKQoB,########,140,0,1,0,0,Neutral
"RT @FLPolyU: Mark your calendars! Come join us for @FLPolyCon a day of all-inclusive geek culture celebration. 
 
 
 
 ðŸ—“Saturday, 3/30 
 
 ðŸ•™10:30 aâ€¦",########,140,0.081,0.807,0.112,0.1759,Neutral
"RT @FLPolyU: Sealing the deal in OT. ðŸŽ® 
 
 
 
 #FLPoly business analytics major wins #MaddenChallenge against hundreds of gamers in walk-off fashâ€¦",########,140,0,0.85,0.15,0.5719,Positive
"Florida Polytechnic University @FLPolyU Appoints Ombuds 
 
 https://t.co/I3ZsIya1Kr",########,81,0,1,0,0,Neutral
RT @seandalyWFTS: Christian is a GREAT interview. Always love heading out to @FLPolyU. In another world â€” one in which Iâ€™m wicked smahhht â€”â€¦,########,140,0.108,0.604,0.287,0.7672,Positive
Christian is a GREAT interview. Always love heading out to @FLPolyU. In another world â€” one in which Iâ€™m wicked smaâ€¦ https://t.co/AALkdZBaIv,########,140,0.116,0.578,0.307,0.7672,Positive
"RT @FLPolyU: Mark your calendars! Come join us for @FLPolyCon a day of all-inclusive geek culture celebration. 
 
 
 
 ðŸ—“Saturday, 3/30 
 
 ðŸ•™10:30 aâ€¦",########,140,0.081,0.807,0.112,0.1759,Neutral
"Mark your calendars! Come join us for @FLPolyCon a day of all-inclusive geek culture celebration. 
 
 
 
 ðŸ—“Saturday, 3/3â€¦ https://t.co/NXFraFY2ho",########,140,0.093,0.778,0.129,0.1759,Neutral
"RT @FLPolyU: Sealing the deal in OT. ðŸŽ® 
 
 
 
 #FLPoly business analytics major wins #MaddenChallenge against hundreds of gamers in walk-off fashâ€¦",########,140,0,0.85,0.15,0.5719,Neutral
"RT @FLPolyU: Sealing the deal in OT. ðŸŽ® 
 
 
 
 #FLPoly business analytics major wins #MaddenChallenge against hundreds of gamers in walk-off fashâ€¦",########,140,0,0.85,0.15,0.5719,Neutral
"Breaking ground this August, @FLPolyU's Applied Research Center will be a new #research hub for Central #Florida.â€¦ https://t.co/cIsr9l7rN8",########,138,0,1,0,0,Neutral
.@FLPolyU to host 5th @FLPolyCon in most interactive fashion https://t.co/MVkfV2G1ac,########,84,0,1,0,0,Neutral
"RT @ORLPartnership: Congratulations to @FLPolyU for announcing that its new 85,000 square foot Applied Research Center (ARC) will break groâ€¦",########,140,0,0.83,0.17,0.5994,Positive
"Congratulations to @FLPolyU for announcing that its new 85,000 square foot Applied Research Center (ARC) will breakâ€¦ https://t.co/uy0tTZC94s",########,140,0,0.813,0.187,0.5994,Positive
@FLPolyU CONGRATS!! #MaddenMan ðŸ‘,########,32,0,0.459,0.541,0.6924,Positive
Description of cybersecurity research in automated vehicle systems at â¦@FLPolyUâ©. Threat types described. https://t.co/db13prRH3X,########,129,0.207,0.793,0,-0.5267,Neutral
"RT @FLPolyU: Sealing the deal in OT. ðŸŽ® 
 
 
 
 #FLPoly business analytics major wins #MaddenChallenge against hundreds of gamers in walk-off fashâ€¦",########,140,0,0.85,0.15,0.5719,Neutral
"RT @FLPolyU: Sealing the deal in OT. ðŸŽ® 
 
 
 
 #FLPoly business analytics major wins #MaddenChallenge against hundreds of gamers in walk-off fashâ€¦",########,140,0,0.85,0.15,0.5719,Neutral
"RT @FLPolyU: Sealing the deal in OT. ðŸŽ® 
 
 
 
 #FLPoly business analytics major wins #MaddenChallenge against hundreds of gamers in walk-off fashâ€¦",########,140,0,0.85,0.15,0.5719,Neutral
"RT @FLPolyU: Sealing the deal in OT. ðŸŽ® 
 
 
 
 #FLPoly business analytics major wins #MaddenChallenge against hundreds of gamers in walk-off fashâ€¦",########,140,0,0.85,0.15,0.5719,Neutral
"RT @FLPolyU: Sealing the deal in OT. ðŸŽ® 
 
 
 
 #FLPoly business analytics major wins #MaddenChallenge against hundreds of gamers in walk-off fashâ€¦",########,140,0,0.85,0.15,0.5719,Neutral
"RT @FLPolyU: Sealing the deal in OT. ðŸŽ® 
 
 
 
 #FLPoly business analytics major wins #MaddenChallenge against hundreds of gamers in walk-off fashâ€¦",########,140,0,0.85,0.15,0.5719,Neutral
"RT @FLPolyU: Sealing the deal in OT. ðŸŽ® 
 
 
 
 #FLPoly business analytics major wins #MaddenChallenge against hundreds of gamers in walk-off fashâ€¦",########,140,0,0.85,0.15,0.5719,Neutral
"RT @FLPolyU: Sealing the deal in OT. ðŸŽ® 
 
 
 
 #FLPoly business analytics major wins #MaddenChallenge against hundreds of gamers in walk-off fashâ€¦",########,140,0,0.85,0.15,0.5719,Neutral
"RT @FLPolyU: Sealing the deal in OT. ðŸŽ® 
 
 
 
 #FLPoly business analytics major wins #MaddenChallenge against hundreds of gamers in walk-off fashâ€¦",########,140,0,0.85,0.15,0.5719,Neutral
"RT @FLPolyU: Sealing the deal in OT. ðŸŽ® 
 
 
 
 #FLPoly business analytics major wins #MaddenChallenge against hundreds of gamers in walk-off fashâ€¦",########,140,0,0.85,0.15,0.5719,Neutral
"RT @FLPolyU: Sealing the deal in OT. ðŸŽ® 
 
 
 
 #FLPoly business analytics major wins #MaddenChallenge against hundreds of gamers in walk-off fashâ€¦",########,140,0,0.85,0.15,0.5719,Neutral
"RT @FLPolyU: Sealing the deal in OT. ðŸŽ® 
 
 
 
 #FLPoly business analytics major wins #MaddenChallenge against hundreds of gamers in walk-off fashâ€¦",########,140,0,0.85,0.15,0.5719,Neutral
RT @CapitalSoup: .@FLPolyU student beats odds to become EA Madden NFL champion https://t.co/I1f4ZS8SFU,########,102,0,0.755,0.245,0.5994,Positive
.@FLPolyU student beats odds to become EA Madden NFL champion https://t.co/I1f4ZS8SFU,########,85,0,0.719,0.281,0.5994,Positive
RT @FLPolyU: â€œWhat excites me most is teaching students new things that help them learn and grow both professionally and personally. They aâ€¦,########,140,0,0.784,0.216,0.7003,Positive
"RT @FLPolyU: Reimagining the possibilities ðŸ’¡
 
 
 
 #MondayMotiviation https://t.co/WZcgY02c8k",########,88,0,1,0,0,Positive
"RT @FLPolyU: â€œI always follow my intuition. Some people will tell you itâ€™s not possible, but if you put your time and effort thereâ€™s nothinâ€¦",########,140,0,1,0,0,Neutral
"Hosted by @SHPEUSF, the event welcomes 168 students from more than 30 schools throughout North America. Some studenâ€¦ https://t.co/WohnkwkIfF",########,140,0,0.87,0.13,0.4019,Neutral
"RT @LDCLatino: We shared our latest report ""Latinos Contribution to U.S. Economic Dynamism"" with economists, businessmen and women, and divâ€¦",########,140,0,0.783,0.217,0.6124,Neutral
"ðŸš This week schedule ðŸš
 
 
 
 Mon(4/1): @WUSTLmed (600 Taylor ave.)
 
 
 
 Tue(4/2): @CitygardenSTL(8th Market St.) &amp;â€¦ https://t.co/ptf5jc6gip",########,134,0,1,0,0,Neutral
@ZagMBB @WellsFargo It's like the Real prince harryðŸ˜ðŸ˜ðŸ˜ðŸ˜ Lol,########,59,0,0.569,0.431,0.6486,Neutral
@WellsFargo Worst. Bank. Ever.,########,30,0.577,0.423,0,-0.6249,Negative
@ZagMBB @WellsFargo O Dang I guess God's karma does existðŸ˜‰ðŸ˜,########,59,0,1,0,0,Negative
"RT @mahahome: Thank you to our partners @BostonChildrens @WellsFargo @midascollab @GBinterfaith for helping us launch STASH, our matched saâ€¦",########,140,0,0.783,0.217,0.5719,Positive
@ourkidz3 @adomantholdings @M1mpossibl @beastsaver @nadiaskin1 @mkaz9800 @mastersdrimist @CathyPe78176224â€¦ https://t.co/Sjj9IiUoUu,########,130,0,1,0,0,Neutral
@musser_benson @Scotus @WellsFargo The only thing I will correct here is MILLIONS of innocent ppl itâ€™s so hard to pâ€¦ https://t.co/xJqemg1t6o,########,140,0.084,0.808,0.108,0.1365,Negative
RT @musser_benson: @adomantholdings @M1mpossibl @beastsaver @ourkidz3 @nadiaskin1 @mkaz9800 @mastersdrimist @CathyPe78176224 @BeyondTheBantâ€¦,########,140,0,1,0,0,Neutral
RT @ourkidz3: @musser_benson @adomantholdings @M1mpossibl @beastsaver @nadiaskin1 @mkaz9800 @mastersdrimist @CathyPe78176224 @BeyondTheBantâ€¦,########,140,0,1,0,0,Neutral
RT @ourkidz3: @musser_benson @adomantholdings @M1mpossibl @beastsaver @nadiaskin1 @mkaz9800 @mastersdrimist @CathyPe78176224 @BeyondTheBantâ€¦,########,140,0,1,0,0,Neutral
"@SCOTUS has attempted to Hide This Complaint from the Public. Why? This Explains Everything @WellsFargo did to 100,â€¦ https://t.co/NO1FDYbDqO",########,140,0.198,0.802,0,-0.4939,Negative
"RT @wealsoherdcats: The results are: in the WORST BANKS for the climate: @Chase, @WellsFargo, @Citi, @BankofAmerica. See if yours made theâ€¦",########,140,0.195,0.805,0,-0.7034,Negative
@musser_benson @adomantholdings @M1mpossibl @beastsaver @nadiaskin1 @mkaz9800 @mastersdrimist @CathyPe78176224â€¦ https://t.co/bVlwUq0bNd,########,135,0,1,0,0,Neutral
@adomantholdings @M1mpossibl @beastsaver @nadiaskin1 @mkaz9800 @musser_benson @mastersdrimist @CathyPe78176224â€¦ https://t.co/yQaxZqNS7k,########,135,0,1,0,0,Neutral
@adomantholdings @M1mpossibl @beastsaver @ourkidz3 @nadiaskin1 @mkaz9800 @mastersdrimist @CathyPe78176224â€¦ https://t.co/FqQ4rQLFtW,########,130,0,1,0,0,Neutral
RT @EmmaWHertz: Big thank you to @WellsFargo for their investment in nonprofit leadership and capacity building. @YWHMontCo joins 25 localâ€¦,########,139,0,0.884,0.116,0.3612,Positive
@adomantholdings @M1mpossibl @beastsaver @ourkidz3 @nadiaskin1 @mkaz9800 @mastersdrimist @CathyPe78176224â€¦ https://t.co/RUlYpPeNiR,########,130,0,1,0,0,Neutral
"More than 130 public and private organizations, including @WellsFargo, have come together to support Read by 4th, aâ€¦ https://t.co/ef7z11rzKg",########,140,0,0.87,0.13,0.4019,Positive
@musser_benson @adomantholdings @M1mpossibl @beastsaver @nadiaskin1 @mkaz9800 @mastersdrimist @CathyPe78176224â€¦ https://t.co/Y5QLOPXiW8,########,135,0,1,0,0,Neutral
@adomantholdings @M1mpossibl @beastsaver @ourkidz3 @nadiaskin1 @mkaz9800 @mastersdrimist @CathyPe78176224â€¦ https://t.co/pt8bEqviL0,########,130,0,1,0,0,Neutral
RT @WellsFargo: Unopened meal kits piling up in your fridge? Track recurring payments with Control Towerâ„ . Only from Wells Fargo.,########,129,0,0.905,0.095,0.25,Neutral
RT @adomantholdings: @DeadlyClear @truthsearch1957 @MaryHill387 @musser_benson @StopFraud4 @Darla_Marlene @nadiaskin1 @ForeclosureOz @blackâ€¦,########,140,0,1,0,0,Neutral
RT @adomantholdings: @M1mpossibl @beastsaver @ourkidz3 @nadiaskin1 @mkaz9800 @musser_benson @mastersdrimist @CathyPe78176224 @BeyondTheBantâ€¦,########,140,0,1,0,0,Neutral
@adomantholdings @M1mpossibl @beastsaver @ourkidz3 @nadiaskin1 @mkaz9800 @mastersdrimist @CathyPe78176224â€¦ https://t.co/JBMasFNJel,########,130,0,1,0,0,Neutral
"Thank you to our partners @BostonChildrens @WellsFargo @midascollab @GBinterfaith for helping us launch STASH, ourâ€¦ https://t.co/lOIcUk3qsO",########,139,0,0.749,0.251,0.5719,Neutral
RT @adomantholdings: @M1mpossibl @beastsaver @ourkidz3 @nadiaskin1 @mkaz9800 @musser_benson @mastersdrimist @CathyPe78176224 @BeyondTheBantâ€¦,########,140,0,1,0,0,Neutral
@adomantholdings @M1mpossibl @beastsaver @nadiaskin1 @mkaz9800 @musser_benson @mastersdrimist @CathyPe78176224â€¦ https://t.co/EQosPVx4Cw,########,135,0,1,0,0,Neutral
RT @adomantholdings: @M1mpossibl @beastsaver @ourkidz3 @nadiaskin1 @mkaz9800 @musser_benson @mastersdrimist @CathyPe78176224 @BeyondTheBantâ€¦,########,140,0,1,0,0,Neutral
RT @adomantholdings: @M1mpossibl @beastsaver @ourkidz3 @nadiaskin1 @mkaz9800 @musser_benson @mastersdrimist @CathyPe78176224 @BeyondTheBantâ€¦,########,140,0,1,0,0,Neutral
RT @adomantholdings: @M1mpossibl @beastsaver @ourkidz3 @nadiaskin1 @mkaz9800 @musser_benson @mastersdrimist @CathyPe78176224 @BeyondTheBantâ€¦,########,140,0,1,0,0,Neutral
@ShannonKetcher2 @adomantholdings @M1mpossibl @beastsaver @nadiaskin1 @mkaz9800 @musser_benson @mastersdrimistâ€¦ https://t.co/L1LFgKP2cP,########,135,0,1,0,0,Neutral
New @WellsFargo interim leader has strong #ColumbusGA connection https://t.co/fCMDc50ptH,########,88,0,0.708,0.292,0.5106,Positive
RT @ourkidz3: @adomantholdings @M1mpossibl @beastsaver @nadiaskin1 @mkaz9800 @musser_benson @mastersdrimist @CathyPe78176224 @BeyondTheBantâ€¦,########,140,0,1,0,0,Neutral
@adomantholdings @M1mpossibl @beastsaver @nadiaskin1 @mkaz9800 @musser_benson @mastersdrimist @CathyPe78176224â€¦ https://t.co/U3uCCqB9pL,########,135,0,1,0,0,Neutral
@adomantholdings @M1mpossibl @beastsaver @nadiaskin1 @mkaz9800 @musser_benson @mastersdrimist @CathyPe78176224â€¦ https://t.co/oZsEyW6TJO,########,135,0,1,0,0,Neutral
"RT @michaelkingwf: Tim Sloan, @WellsFargoâ€™s retiring CEO, is one of the kindest, most humble and thoughtful leaders I have ever had the pleâ€¦",########,140,0,0.88,0.12,0.4336,Neutral
@SenWarren @WellsFargo Truly laughable,########,38,0,0.328,0.672,0.4767,Positive
@stiritup15 @ZagMBB @WellsFargo A 1 seed reaching the sweet 16 is not considered a success.,########,91,0.178,0.536,0.286,0.2028,Positive
@SenWarren @WellsFargo Just like you!!!!,########,40,0,0.522,0.478,0.5673,Neutral
"RT @crypto_Turd: The common man is getting raked over the coals by the likes of @WellsFargo @jpmorgan @PeoplesUnited @Citi @Apple ...
 
 
 
  itâ€™â€¦",########,140,0,0.882,0.118,0.4215,Negative
4.The @ImpactAssets DAF could also be the loan loss reserve if uwanted2stitch in a CD 2invest in the entrepreneursâ€¦ https://t.co/ua1snROPzE,########,139,0.113,0.887,0,-0.3182,Neutral
@DeboraDeMAGA @beastsaver @JoAnnKennedyCAN @CathyPe78176224 @musser_benson @mkaz9800 @AJOKERONJACK @ForeclosureOzâ€¦ https://t.co/wzJVDO5tYL,########,138,0,1,0,0,Neutral
"RT @AllensOpEd: My elderly neighbor has been given until Monday to leave her home by @WellsFargo.
 
 
 
 She's disabled, just beat cancer, &amp; hasâ€¦",########,143,0.211,0.789,0,-0.6808,Issue
@WellsFargo And 2 new accounts opened surreptitiously as you exit unsatisfied?...,########,81,0,1,0,0,Issue
@prconversations @WellsFargo @PRDaily Thank you for sharing!,########,60,0,0.472,0.528,0.68,Positive
"@SandraGannon8 @WellsFargo And credit unions that donâ€™t prey on customers, fund Big Oil, or rainforest destruction.",########,115,0.182,0.69,0.128,-0.2732,Issue
"RT @tomleykis: Hey @WellsFargo! Now that your CEO has resigned in disgrace, does this mean you'll stop stealing from your customers from noâ€¦",########,140,0.375,0.625,0,-0.8858,Negative
RT @CathyPe78176224: @musser_benson @ShannonKetcher2 @tonimccrary @AJOKERONJACK @DeboraDeMAGA @beastsaver @FarndonDavid @handyman_neil @Donâ€¦,########,140,0,1,0,0,Neutral
"@rebsince71 @chumleydoogle @cspan @RepAOC @AOC @WellsFargo Maybe not held responsible for the leaks, but it begs thâ€¦ https://t.co/c1jDoOTN8B",########,140,0.08,0.92,0,-0.1232,Positive
@musser_benson @RepMaxineWaters @CFPB @WellsFargo Maxine! Hmmm this shit was stared by someone white,########,100,0.275,0.725,0,-0.6749,Neutral
RT @WFB_Fraud: @ourkidz3 @adomantholdings @M1mpossibl @beastsaver @nadiaskin1 @mkaz9800 @musser_benson @mastersdrimist @CathyPe78176224 @Beâ€¦,########,140,0,1,0,0,Neutral
@WFB_Fraud @WellsFargo Oh good. Next time you get a human on the phone let them know they are laundering pot moneyâ€¦ https://t.co/1gsxgSrxDi,########,139,0,0.873,0.127,0.4404,Issue
"Another SUCCESSFUL account top up ðŸ¾ðŸ”¥ðŸ’°ðŸ’ƒ
 
 
 
 More accounts needed for Asap. 
 
 DM for deals
 
 #usaa @USAA @WellsFargoâ€¦ https://t.co/hjk3HKdhra",########,135,0,0.716,0.284,0.7456,Positive
@ZagMBB @WellsFargo Awesome season guys. Hold your heads high.,########,62,0,0.661,0.339,0.6249,Positive
This is totally unacceptable! @realDonaldTrump @DonaldJTrumpJr @RealJamesWoods @GalacticRedPill @drawandstrikeâ€¦ https://t.co/RX9H5qMtPn,########,135,0.285,0.715,0,-0.5551,Issue
@grandmastreamz @BlindRefs @ZagMBB @WellsFargo Gonzaga made the final four for the first time in 2017. Last five yâ€¦ https://t.co/bx6mFA0jZ7,########,140,0,1,0,0,Neutral
@grandmastreamz @BlindRefs @ZagMBB @WellsFargo UNC lost in S16 ðŸ¤·ðŸ»â€â™‚ï¸,########,68,0.161,0.839,0,-0.3182,Neutral
@grandmastreamz @BlindRefs @ZagMBB @WellsFargo Duke lost too ðŸ¤·ðŸ»â€â™‚ï¸,########,66,0.173,0.827,0,-0.3182,Neutral
@GSNCHX @WellsFargo #Wellsfargo $WFC Used #DeathThreats in #Illegal #Foreclosure on this #Disabled #Veterans #Fullyâ€¦ https://t.co/J1r3v0QC3T,########,140,0,1,0,0,Neutral
RT @SenWarren: I kept pushing the Fed to maintain the growth cap on @WellsFargo until Tim Sloan was gone. @SenSherrodBrown and I told the @â€¦,########,140,0,0.894,0.106,0.3818,Neutral
@SenWarren @WellsFargo You were suppose to fix the Government ðŸ˜‚ðŸ¤£ ðŸ˜‚ðŸ¤£ ðŸ˜‚,########,69,0.096,0.711,0.193,0.4404,Positive
@SenWarren @WellsFargo Oh lying like all you Politicans ðŸ¤”ðŸ¤”ðŸ¤”ðŸ¤” Cut me a break.....,########,81,0.324,0.529,0.147,-0.4588,Negative
"RT @lhbenoliel: Congrats to all the @WellsFargo Philadelphia CLIP grantees. What a talented, committed group of leaders! We @EntreprenWorksâ€¦",########,140,0,0.623,0.377,0.8439,Positive
@BlindRefs @ZagMBB @WellsFargo Final Four is over the hump for most programs. Most have never been.,########,100,0,1,0,0,Neutral
"@grandmastreamz @BlindRefs @ZagMBB @WellsFargo I'll repeat for you: 5 S16, 3 Elite 8 and championship runners up iâ€¦ https://t.co/67hZKMEXCM",########,140,0,0.838,0.162,0.4404,Neutral
"@JoeBucki18 @ZagMBB @WellsFargo If you knew the history of Gonzaga and where it came from, you'd understand why jusâ€¦ https://t.co/rHoAE2mbTP",########,140,0,1,0,0,Neutral
"The reason @WellsFargo never admits to any wrongdoing every time they pay a fine, is so their next crime, is like tâ€¦ https://t.co/CWjM122LYI",########,140,0.249,0.6,0.152,-0.4121,Issue
@WFB_Fraud @ourkidz3 @adomantholdings @M1mpossibl @beastsaver @mkaz9800 @musser_benson @mastersdrimistâ€¦ https://t.co/Jw3m3RioDG,########,127,0,1,0,0,Neutral
RT @ForBetterBanks: The board at @WellsFargo has elected announced C. Allen Parker as the interim CEO. The board's chairwoman said â€œthe boaâ€¦,########,140,0,1,0,0,Neutral
@adomantholdings @M1mpossibl @beastsaver @ourkidz3 @nadiaskin1 @mkaz9800 @musser_benson @mastersdrimistâ€¦ https://t.co/yBfxRfvrGp,########,128,0,1,0,0,Neutral
@ourkidz3 @adomantholdings @M1mpossibl @beastsaver @nadiaskin1 @mkaz9800 @musser_benson @mastersdrimistâ€¦ https://t.co/AHxf7i8MkZ,########,128,0,1,0,0,Neutral
RT @MadGrad_Deals: Time to switch banks? Goodbye @WellsFargo! Want to get 2%+ interest on your savings? Upgrade to @CapitalOne and get upâ€¦,########,139,0,0.802,0.198,0.6062,Positive
RT @SenWarren: I kept pushing the Fed to maintain the growth cap on @WellsFargo until Tim Sloan was gone. @SenSherrodBrown and I told the @â€¦,########,140,0,0.894,0.106,0.3818,Neutral
RT @SenWarren: Tim Sloan was part of @WellsFargoâ€™s senior leadership during the fake accounts scam â€“ which he got rich off of and tried toâ€¦,########,139,0.217,0.669,0.115,-0.4939,Negative
RT @StevenBirnbaum: This year's @MLSWORKS @Wellsfargo #CommunityMVP Grand Prize Winner will win $25K! Support Amir Lowery &amp; vote today: httâ€¦,########,144,0.083,0.416,0.501,0.9336,Positive
RT @StevenBirnbaum: Support the legend himself Amir Lowery &amp; vote today! Vote for him as the @MLSWORKS @WellsFargo #CommunityMVP Grand Prizâ€¦,########,144,0.105,0.672,0.224,0.4926,Positive
RT @ourkidz3: @adomantholdings @M1mpossibl @beastsaver @nadiaskin1 @mkaz9800 @musser_benson @mastersdrimist @CathyPe78176224 @BeyondTheBantâ€¦,########,140,0,1,0,0,Neutral
"RT @SenWarren: Tim Sloan was supposed to fix @WellsFargoâ€™s problems. But how could he, when heâ€™d been the former CEO John Stumpâ€™s right-hanâ€¦",########,140,0.078,0.922,0,-0.2144,Negative
"RT @SenWarren: But @WellsFargo kept getting caught cheating â€“ on mortgages, car loans, money laundering, and loans to service-members (justâ€¦",########,140,0.214,0.786,0,-0.7096,Negative
"RT @StVrainHabitat: Thanks to @WellsFargo Pride of The Glens Coalition, staff, and volunteers, @StVrainHabitat helped organize a park landsâ€¦",########,140,0,0.751,0.249,0.6486,Positive
RT @CathyPe78176224: @adomantholdings @M1mpossibl @beastsaver @ourkidz3 @nadiaskin1 @mkaz9800 @musser_benson @mastersdrimist @BeyondTheBantâ€¦,########,140,0,1,0,0,Neutral
RT @Get_Chip: Weigh down your spending. #FollowMyLead https://t.co/ZMnBcRylYf @Apple @RevolutApp,########,96,0,1,0,0,Neutral
RT @freiberg_max: @Apple make a debit card for us college kids who like the concept but donâ€™t want a credit score of 400,########,120,0,0.732,0.268,0.6808,Positive
Dear @tim_cook @apple can we please have more dynamic wallpapers! Regular wallpapers are boring! Thanks!,########,104,0.096,0.419,0.485,0.8507,Positive
"Happy Birthday to @PASenateGOP member @SenatorDiSanto! We hope you enjoy the best year yet. #HappyBirthday
 
 
 
 Did youâ€¦ https://t.co/aKErfIW5SX",########,140,0,0.495,0.505,0.9359,Positive
"RT @Apple: Titanium, laser-etched, no numbers, and no fees. A new kind of credit card. Coming this summer.",########,106,0.212,0.676,0.111,-0.2716,Positive
RT @Apple: Turn off your notifications when youâ€™re behind the wheel. Do Not Disturb While Driving. Thatâ€™s iPhone.,########,113,0,0.883,0.117,0.3089,Positive
"Whenever I take videos of my dog or watch someone elseâ€™s pet videos I have to ask, why hasnâ€™t @Apple perfected AI nâ€¦ https://t.co/bQJh4Ntc6n",########,140,0,0.85,0.15,0.5719,Positive
@Apple can yâ€™all pls make some sort of â€œclear allâ€ button? Iâ€™m the worst at closing my apps :( https://t.co/baKBS1VEim,########,118,0.277,0.672,0.051,-0.7717,Negative
"Apple did me over on April fools by sending me a pink watch, nice one @Apple xxx",########,80,0.16,0.7,0.14,-0.1027,Issue
#Auburn University looking to add @Apple to list of its co-op opportunities for students - https://t.co/vL8x0FiZcJ #MetroCOLA #highered,########,136,0,0.86,0.14,0.3818,Positive
RT @Apple: Let your phone do the reading for you. Speak Screen. Thatâ€™s iPhone.,########,78,0,1,0,0,Positive
has anyone had @Apple plug in headphones electrocute their ears while wearing? Happened to me this morning. Had toâ€¦ https://t.co/VezplpqJhM,########,139,0,1,0,0,Issue
"RT @Apple: Titanium, laser-etched, no numbers, and no fees. A new kind of credit card. Coming this summer.",########,106,0.212,0.676,0.111,-0.2716,Neutral
"Happy birthday, @Apple! Apple Computer Co. was formed #OTD in 1976 by Steve Jobs and Steve Wozniak. #NotAprilFools #Innovation #JustFun",########,135,0,0.826,0.174,0.6114,Neutral
RT @Apple: Apple TV+. A new home for the worldâ€™s most creative storytellers.,########,76,0,0.775,0.225,0.4927,Neutral
"RT @ValaAfshar: April 1, 1976 (43 years ago today):
 
 
 
 @Apple Computer is formed on April 1, 1976. It may have been April Fools' Day, but Steâ€¦",########,140,0.077,0.923,0,-0.2732,Neutral
"RT @iddris_sandu: Excited to announce that i'll be teaching a class on design for the largest company in the world. ðŸ
 
 @Apple
 
 
 
 This is blackâ€¦",########,140,0,0.909,0.091,0.34,Positive
@MadrasiBattery @Apple TrueðŸ˜‚ðŸ˜‚,########,29,0,1,0,0,Positive
"@apple @pschiller Now that some resources have cleared up (AirPower), why donâ€™t you devote some to making Apple casâ€¦ https://t.co/UT7Kofe6jV",########,140,0,0.826,0.174,0.4215,Positive
"Hey @Skype any word on being able to get Skype notifications, messages and or calls on the @Apple Watch again?â€¦ https://t.co/8AWbUCXY3s",########,135,0,1,0,0,Issue
@Apple Not true. Apple lets the US government to spy on its citizens.,########,69,0.163,0.837,0,-0.3252,Negative
@julietibrahim Lets raise support for #JulieTibrahim @Emmizunik88 @HSBC @OghenetegaEmma2 @Apple @realDonaldTrumpâ€¦ https://t.co/BEr4q1L75k,########,137,0,0.803,0.197,0.4019,Positive
"Iâ€™m ready to be able to change the background of my texts now.... @Apple Android been able to do that, itâ€™s one ofâ€¦ https://t.co/2dJpIGWpoQ",########,139,0,0.902,0.098,0.3612,Issue
@Oprah @tim_cook @Apple I'm so glad I have a android...dont want NOTHING to do with you. You evil individual @Oprah,########,115,0.179,0.611,0.21,-0.0602,Negative
@Apple u shouldnâ€™t be able to end a ft call by pressing the power button. i hung up on accident too much,########,104,0.147,0.853,0,-0.4767,Issue
Fun piece of @Apple history! Happy birthday Apple! ðŸŽ #tech #applenews https://t.co/SCCGkqjmFB,########,93,0,0.592,0.408,0.8217,Positive
@Martinwife2017 iPhone X @Apple ! Some natural light &amp; portait mode does wondersðŸ™Œ also some editing help from @Photoshop &amp; @Lightroom,########,141,0,0.756,0.244,0.6696,Positive
"Get on it, @Apple! https://t.co/rTLgu5ggTS",########,42,0,1,0,0,Neutral
"Happy 43rd Birthday @Apple, ðŸŽ‚ (founded April 1st, 1976 by Steve Jobs and Steve Wozniak) #Apple https://t.co/XXfPtFrSqV",########,118,0,0.821,0.179,0.5719,Positive
@Apple @tim_cook hi apple notice me please i took this using iphone 6 #shotoniphone,########,83,0,0.827,0.173,0.3182,Positive
"RT @TriviaPower: Madagascar is the worldâ€™s 4th largest island!
 
 @USMadagascar @wwf_mada @CINU261 @IQjackpot @hqtrivia @JustTheFactoids @Uberâ€¦",########,140,0,1,0,0,Neutral
@thekaelynn @Apple i b walkin on the treadmill ðŸ¤·â€â™‚ï¸ðŸ¤·â€â™‚ï¸ðŸ¤·â€â™‚ï¸,########,59,0,1,0,0,Neutral
"RT @GadgetsBoy: Hoping @Apple bundle some of the services. Gaming, Music, TV/Movies. I'm already subscribed to Netflix, Prime and Spotify,â€¦",########,139,0,0.872,0.128,0.4215,Positive
@Apple Do you realize what type of evil that you aligned yourself with by having Oprah? #muteoprah #cancelopraâ€¦ https://t.co/2sygnXyOeA,########,135,0.196,0.804,0,-0.6597,Negative
"RT @ValaAfshar: April 1, 1976 (43 years ago today):
 
 
 
 @Apple Computer is formed on April 1, 1976. It may have been April Fools' Day, but Steâ€¦",########,140,0.077,0.923,0,-0.2732,Neutral
Anybody else experiencing that their #iPhoneX can do about anything BUT allow you to talk to someone? @Apple insistâ€¦ https://t.co/OxgXZEdAOF,########,140,0,0.89,0.11,0.3291,Issue
"I really respect this company. 
 
 @Apple",########,38,0,0.541,0.459,0.5256,Positive
Hello @tim_cook can you please stop selling me broken accessories @AppleSupport @Apple,########,86,0.319,0.542,0.139,-0.4588,Issue
@flywithsid @Apple Thanks for the link. I will see.,########,51,0,0.707,0.293,0.4404,Positive
"RT @BoredElonMusk: Hey @Apple, getting to Mars is a lot easier by rocket versus building a pile of cash that reaches that far. #Protip",########,134,0,0.833,0.167,0.4588,Positive
Projecting April 7th for @SpaceX second launch of the #FalconHeavy. This will be the first launch since @Apple annoâ€¦ https://t.co/dgbx0Q6nSE,########,140,0,1,0,0,Neutral
"Note to future self: itâ€™s the @Apple macOS Preview app that lets you add text, shapes and lines to PDFs. No need toâ€¦ https://t.co/F6kPMWdHjA",########,140,0.087,0.913,0,-0.296,Neutral
@rathibr @Apple Did you check out this? https://t.co/FccRrxB3MB,########,63,0,1,0,0,Neutral
RT @Apple: Survive the accidental spill on your phone. Water Resistance. Thatâ€™s iPhone.,########,87,0.098,0.902,0,-0.0772,Positive
RT @Apple: Turn off your notifications when youâ€™re behind the wheel. Do Not Disturb While Driving. Thatâ€™s iPhone.,########,113,0,0.883,0.117,0.3089,Positive
RT @Apple: Pick the best shot from within a moving photo. Live Photos. Thatâ€™s iPhone.,########,85,0,0.756,0.244,0.6369,Positive
@aspathak22 @Apple I'm enjoying the fact that next millennials would have no idea what AirPower is. But we will :),########,114,0.065,0.685,0.25,0.6808,Positive
"RT @Apple: Titanium, laser-etched, no numbers, and no fees. A new kind of credit card. Coming this summer.",########,106,0.212,0.676,0.111,-0.2716,Neutral
"RT @AnnaKennedy1: World Autism Awareness Week 1-7 April 2019 https://t.co/2XMPVLawNz
 
 #autism #charity @apple #coventgarden #autismawarenessâ€¦",########,140,0,1,0,0,Neutral
@ElieFinegold @Apple @MetaPropNYC Both ðŸ˜‰,########,40,0,1,0,0,Neutral
"RT @Oprah: Iâ€™m partnering with @tim_cook and @Apple to leave this world a little bit smarter, kinder, and better than we found it. Apple TVâ€¦",########,140,0.04,0.672,0.288,0.8104,Positive
RT @Oprah: Who knew the elevator was going to spin? Only at @apple! https://t.co/aIV76v5nRm,########,91,0,1,0,0,Neutral
RT @Apple: Pick the best shot from within a moving photo. Live Photos. Thatâ€™s iPhone.,########,85,0,0.756,0.244,0.6369,Positive
@Apple Apple is good until Tim Cook decided to screw everything.,########,64,0.105,0.677,0.218,0.3612,Negative
"RT @AnnaKennedy1: World Autism Awareness Week 1-7 April 2019 https://t.co/2XMPVLawNz
 
 #autism #charity @apple #coventgarden #autismawarenessâ€¦",########,140,0,1,0,0,Neutral
"@Apple This is a MasterCard. Traditionally high (usery levels) interest rates. Also, limited to establishments that accept MC",########,125,0.088,0.651,0.26,0.5719,Neutral
"Latest rating of 1,000+ US employers on equitable benefits, non-discrim practices, inclusive culture re: #LGBTQ worâ€¦ https://t.co/yfV4bSQRzB",########,140,0,0.86,0.14,0.3818,Neutral
"RT @Apple: Titanium, laser-etched, no numbers, and no fees. A new kind of credit card. Coming this summer.",########,106,0.212,0.676,0.111,-0.2716,Positive
"@Apple IPHONE FULLY SHOT STLISH SHORT FILM 
 
 https://t.co/k4mIebaL5g",########,67,0,1,0,0,Neutral
@Apple Itâ€™s only longer because your updates killed the batteries on the iPhone 6s.,########,83,0.257,0.743,0,-0.6705,Issue
RT @Apple: Turn off your notifications when youâ€™re behind the wheel. Do Not Disturb While Driving. Thatâ€™s iPhone.,########,113,0,0.883,0.117,0.3089,Positive
RT @Apple: Easily log into apps by using your face as your password. Face ID. Thatâ€™s iPhone.,########,92,0,0.87,0.13,0.34,Positive
@SimoneMSamuels @iTunes @tim_cook So strange. I contatcted @Apple but they just told me to update to the newest itâ€¦ https://t.co/Gc2R9k5dDS,########,140,0.086,0.914,0,-0.1737,Positive
RT @Apple: Survive the accidental spill on your phone. Water Resistance. Thatâ€™s iPhone.,########,87,0.098,0.902,0,-0.0772,Positive
I second this motion @instagram @Apple https://t.co/gI2UCxOKEu,########,62,0,1,0,0,Neutral
"So, a few weeks ago @Apple changed the female Australian voice on #HomePod, and itâ€™s TERRIBLE.",########,94,0.215,0.785,0,-0.5904,Issue
"Overheard: there are ~220 #VC backed IPOs in the queue for 2019, 10x the usual number, w/collective equity value apâ€¦ https://t.co/X3BgFdL3qc",########,140,0,0.789,0.211,0.4215,Positive
"@Apple Never owned an Apple product, never will.",########,48,0,1,0,0,Neutral
"Thank you @Apple for fixing my phone, @JoMaloneLondon for bringing out the most beautiful scent that I just HAD toâ€¦ https://t.co/7lCkTa6VSI",########,139,0,0.729,0.271,0.7713,Negative
I need an eyeball emoji that looks the other way ðŸ‘€ @Apple,########,57,0,1,0,0,Neutral
Yes its better than @Apple airpods https://t.co/fW3kohbErw,########,58,0,0.472,0.528,0.6808,Positive
"One code to rule them all, #visa and #mastercard face off for next generation consumer payments. Personally I thinkâ€¦ https://t.co/7FMUzFL8jq",########,140,0,1,0,0,Neutral
"RT @TheAGamePodcast: You'd be foolish to miss the latest A-Game podcast! After their big announcement last week, @Apple is forging their waâ€¦",########,140,0.166,0.834,0,-0.4574,Positive
No guys!!! If there is ANYTHING that will make me rethink my relationship with @Apple itâ€™s their USELESS chargers. ðŸ¤¬ðŸ¤¬ðŸ¤¬ ðŸ¤¬,########,120,0.223,0.777,0,-0.7656,Negative
RT @Apple: Pick the best shot from within a moving photo. Live Photos. Thatâ€™s iPhone.,########,85,0,0.756,0.244,0.6369,Positive
"RT @EricStoller: How long before universities start using @Apple Business Chat as another student recruitment channel? Business tech today,â€¦",########,140,0,1,0,0,Neutral
RT @ICT_Works: Breaking News: @USAID Launches $4.1 Million Artificial Intelligence Initiative w/ @Google @Apple @amazon https://t.co/Z5zKhSâ€¦,########,140,0,0.829,0.171,0.4767,Positive
"Nice, @Apple told me a new song was available on an album I had preordered - and then charged me for it, without purchase confirmation!",########,135,0.072,0.803,0.124,0.3164,Positive
"@Apple @tim_cook Wow such impressive camera &amp; easy to use, just works, #iPhone XS https://t.co/sNfQNjab87",########,109,0,0.545,0.455,0.875,Positive
About time @SamsungMobile release android pie for the s8. I hope you keep older phones supported like @Apple. Only downside to android,########,134,0.075,0.637,0.288,0.6908,Positive
"RT @telecoms: The @telecoms podcast returns this week with @Apple , @Huawei and Europe! Watch or listen to the full episode here: https://tâ€¦",########,140,0,1,0,0,Neutral
@megangale @28delayslater @Tesla @elonmusk Looks like he might have hit 30 or even 35 mph...wow,########,95,0,0.848,0.152,0.3612,Positive
"@TeslaOpinion @iliketeslas @elonmusk Its true..
 
 Its because of @elonmusk 's publicity stunts and his out of the worâ€¦ https://t.co/IXVlYzeWwi",########,140,0,1,0,0,Positive
RT @Elbilforeningen: For the first time in history more than half of the passenger car market in Norway was fully electric. Much due to astâ€¦,########,140,0,1,0,0,Neutral
RT @johnabella: My @Tesla Model 3 was making noise tonight after a road trip. Pulled the frunk out... and found a ramen brick in the fan??â€¦,########,139,0,1,0,0,Negative
@prestonjbyrne Ever heard of the name @Boeing and #737mÐ°Ñ… ? You should stop flying then @Tesla @elonmusk @TeslaClubNJ,########,118,0.121,0.879,0,-0.296,Issue
"@jgrano305 @Tesla @NissanElectric It's pretty common between motorbikers, I should think EV drivers will likewise show fraternity.",########,130,0,0.824,0.176,0.4939,Positive
RT @Elbilforeningen: For the first time in history more than half of the passenger car market in Norway was fully electric. Much due to astâ€¦,########,140,0,1,0,0,Neutral
@GaragedoorsGman @jfosback @InsideEVs @Tesla people don't get that. Tesla doesn't operate with paralysis by analysiâ€¦ https://t.co/dP0jZBwzQm,########,140,0,1,0,0,Neutral
For the first time in history more than half of the passenger car market in Norway was fully electric. Much due toâ€¦ https://t.co/1W5hoTMNlS,########,139,0,1,0,0,Neutral
Good morning @Tesla . Just wanna say I love you,########,47,0,0.458,0.542,0.7964,Positive
@julietibrahim Lets raise support for #JulieTibrahim @Emmizunik88 @HSBC @OghenetegaEmma2 @Apple @realDonaldTrumpâ€¦ https://t.co/BEr4q1L75k,########,137,0,0.803,0.197,0.4019,Positive
"RT @Ruwanpdx: First road trip in the model 3! Down the coast from Portland to Big Sur with some adventures in between. Over 2000 miles, noâ€¦",########,139,0,0.903,0.097,0.4003,Positive
@CNBC The only car Iâ€™m buying is @Tesla and the only car I will pay full sticker price for is Tesla #Model3 . Tax rebate or no Tax rebate.,########,138,0.126,0.874,0,-0.3818,Positive
@zollotech @bcartwright86 @Tesla Imagine fans of electric cars changing them like phones every couple years.,########,108,0,0.848,0.152,0.3612,Positive
RT @elonmusk: @jeffmjenkins @Hughes_Zoo @Tesla Surprisingly difficult to address false positives with rain. System would go nuts trying toâ€¦,########,139,0.189,0.591,0.22,0.2023,Positive
@zollotech @mswsquad @Tesla Any car will last a very long time as long as itâ€™s well looked after,########,96,0,0.884,0.116,0.2732,Positive
@RenatoD14713839 @sascha_p @auto_schmidt @franz_rother @Tesla @ElectrekCo @BertelSchmitt @Tweetermeyer @CGrantWSJ Nâ€¦ https://t.co/ugFVw687O1,########,140,0,1,0,0,Neutral
"@Tesla 
 
 ""Tesla boom lifts Norway's electric car sales to 58 percent market share"" - https://t.co/OJSsFg1ugi",########,107,0,0.855,0.145,0.296,Positive
"@bcartwright86 @mswsquad @Tesla Well, your statement wasnâ€™t wrong",########,65,0.277,0.536,0.188,-0.25,Negative
RT @elonmusk: @jeffmjenkins @Hughes_Zoo @Tesla Surprisingly difficult to address false positives with rain. System would go nuts trying toâ€¦,########,139,0.189,0.591,0.22,0.2023,
RT @TeslaOwnersTwn: Test ride weekend! @TeslaOwnersTwn this weekend provided free test rides to a group of 270+ BMW owners. They were thoroâ€¦,########,140,0,0.848,0.152,0.5562,Positive
@zollotech @mswsquad @Tesla I was literally joking ðŸ™ƒ I can see this has gone way too far,########,88,0,0.888,0.112,0.2263,Negative
@JPUConn @elonmusk @Tesla Thanks for sharing. How does thing work? Used it??,########,76,0,0.616,0.384,0.7383,Issue
RT @NickiThiim: This will be the livery for my last EVER @FIAWEC race. Greatful for the good times at @AMR_Official ! Thank you @elonmusk fâ€¦,########,140,0,0.794,0.206,0.69,Neutral
@mswsquad @bcartwright86 @Tesla But that doesnâ€™t matter too much to me as I tend to get rid of cars every few yearsâ€¦ https://t.co/6CUTv6E83G,########,140,0,0.948,0.052,0.0387,Neutral
@NeilRey20778868 @vincent13031925 @elonmusk @Tesla Look at your calendar,########,72,0,1,0,0,Positive
RT @TeslaOwnersTwn: Test ride weekend! @TeslaOwnersTwn this weekend provided free test rides to a group of 270+ BMW owners. They were thoroâ€¦,########,140,0,0.848,0.152,0.5562,Positive
@trini0t3y @Tesla @elonmusk Exactly!,########,36,0,1,0,0,Positive
RT @uday_birje: ðŸ‡®ðŸ‡³ðŸ‡ºðŸ‡¸When PM @narendramodi Visited @Tesla Manufacturing Facility In California. Hosted by the CEO @elonmusk himself. 2019-20â€¦,########,140,0,1,0,0,Neutral
"@ShaunTaylorDC @johnabella @Tesla If u r happy with ur car then I am happy for u ðŸ‘ðŸ»ðŸ‘ðŸ»ðŸ‘ðŸ» speaking of maintenance, itâ€¦ https://t.co/ZjGeoRw6Ey",########,140,0,0.684,0.316,0.8126,Positive
"Latest rating of 1,000+ US employers on equitable benefits, non-discrim practices, inclusive culture re: #LGBTQ worâ€¦ https://t.co/yfV4bSQRzB",########,140,0,0.86,0.14,0.3818,Neutral
@stang2k @auto_schmidt @franz_rother @Tesla @ElectrekCo @BertelSchmitt @Tweetermeyer @CGrantWSJ @BAFA_Bund New Germâ€¦ https://t.co/eCaVfHKtzP,########,140,0,1,0,0,Negative
RT @whatsinside: Bought a time machine off EBay. Can now confirm when @Tesla is coming out with next gen roadster. You may not like the ansâ€¦,########,140,0.081,0.919,0,-0.2755,Negative
@bcartwright86 @zollotech @Tesla Exactly ðŸ¤”,########,42,0,1,0,0,Neutral
Who would you like to give a @Tesla car gift ? : @elonmusk ðŸ˜,########,60,0,0.567,0.433,0.8126,Neutral
@williamfong206 @Tesla It's not new even if its been used as a loaner/test drive vehicle + managed to rack up nearlâ€¦ https://t.co/jMscJ1gtOb,########,140,0,1,0,0,Neutral
"@RayDetroit @Tesla @StatsTeslaApp Hard to argue with this, they do look very sleek! Summer will come soon https://t.co/lNUEuERnNm",########,129,0.204,0.796,0,-0.4753,Neutral
"@tesla How can I get in the car &amp; drive come back without a key being with me? I am astonished that after 6 months, this happened.",########,134,0,0.894,0.106,0.3818,Issue
"RT @Erdayastronaut: I drove 4,500 miles in 10 days in my @Tesla #model3. I canâ€™t tell you how relaxing and easy it is with autopilot and Teâ€¦",########,140,0,0.79,0.21,0.7269,Positive
"@tesla As soon as I stated driving something didnâ€™t feel right. Finished shopping. Car was behaving unusual.
 
 
 
 Cameâ€¦ https://t.co/o9tYhFgsVc",########,140,0,1,0,0,Issue
"@Tesla: Love my X. But, How could this even happen!!!!???
 
 
 
 received v8.3 update 2 days ago with Sentry mode. Yesterâ€¦ https://t.co/AkwjMktB17",########,140,0,0.815,0.185,0.6495,Issue
@sascha_p @auto_schmidt @stang2k @franz_rother @Edison_Media @Tesla @ElectriveNet @ElectrekCo @BertelSchmittâ€¦ https://t.co/aJpXepPDER,########,133,0,1,0,0,Issue
"@auto_schmidt @RenatoD14713839 @franz_rother @Tesla @ElectrekCo @BertelSchmitt @Tweetermeyer @CGrantWSJ @BAFA_Bund Okay, then we got it. :)",########,139,0,0.726,0.274,0.5994,Neutral
@Tesla @elonmusk @MinimalDuck Lannister.,########,40,0,1,0,0,Neutral
"RT @phibetakitten: BREAKING: In a desperate and transparent attempt to mask anemic sales and plummeting demand, @Tesla has hired crisis acâ€¦",########,140,0.317,0.683,0,-0.7845,Negative
"RT @Ruwanpdx: First road trip in the model 3! Down the coast from Portland to Big Sur with some adventures in between. Over 2000 miles, noâ€¦",########,139,0,0.903,0.097,0.4003,Neutral
"@TeslaOwnersTwn @Tesla @elonmusk Smart, everyone knows that once you sit behind the wheel of a Tesla that you willâ€¦ https://t.co/8KJhwsshJh",########,139,0,0.87,0.13,0.4019,Positive
RT @whatsinside: Bought a time machine off EBay. Can now confirm when @Tesla is coming out with next gen roadster. You may not like the ansâ€¦,########,140,0.081,0.919,0,-0.2755,Negative
@dealer_of_happy @Tesla @StatsTeslaApp Well I just found out that the @statsTeslaApp is only available for IOS so Iâ€¦ https://t.co/dGk4H8xmMK,########,140,0,0.89,0.11,0.2732,Issue
"RT @ashk4n: Woah.
 
 
 
 Researchers successfully trick @Tesla autopilot into driving into opposing traffic via â€œsmall stickers as interference pâ€¦",########,140,0.056,0.794,0.15,0.4588,Negative
@elonmusk @TesLatino @mcjamez @TeslaAnswers @flcnhvy @Erdayastronaut @DiscoverMag @Tesla But bass is timid in Spaceâ€¦ https://t.co/suQ4CRSFel,########,140,0.152,0.848,0,-0.3612,Issue
@mikehen08 @EnStockResearch @mrcanada11 @jeffmjenkins @CrenimNCC @elonmusk @Tesla Right. Or Samâ€™s Club.,########,103,0,1,0,0,Neutral
@redmor11 @jeffmjenkins @AriHD_ @elonmusk @Tesla Well u can make simple Things complicated for no Reason.,########,105,0.135,0.736,0.129,-0.0258,Negative
"RT @Tesla: We activated our first Superchargers 6 years ago. Today, we have more than 12,000 of them at 1,400 sites around the world. ðŸ“¸ @Miâ€¦",########,140,0,1,0,0,Neutral
@tesla @elonmusk You know what would be a great April Fools joke? Shipping me a Model X. Haha that'd be funny right?,########,116,0.104,0.488,0.408,0.8541,Neutral
"RT @Erdayastronaut: I drove 4,500 miles in 10 days in my @Tesla #model3. I canâ€™t tell you how relaxing and easy it is with autopilot and Teâ€¦",########,140,0,0.79,0.21,0.7269,Positive
"@RayDetroit @Tesla @StatsTeslaApp Driving in your conditions, I think you will benefit a lot from this app.
 
 
 
 Tiresâ€¦ https://t.co/m0Z8w9rEvI",########,139,0,0.842,0.158,0.4588,Neutral
@miantosca4 @AnthroPunk @JoelVanderWerf @ashk4n @Tesla @ryanaraine @keen_lab We are going to have to go full on toâ€¦ https://t.co/X6A02yaEzn,########,139,0,1,0,0,Neutral
RT @whatsinside: Bought a time machine off EBay. Can now confirm when @Tesla is coming out with next gen roadster. You may not like the ansâ€¦,########,140,0.081,0.919,0,-0.2755,Negative
"RT @Ruwanpdx: First road trip in the model 3! Down the coast from Portland to Big Sur with some adventures in between. Over 2000 miles, noâ€¦",########,139,0,0.903,0.097,0.4003,Positive
@auto_schmidt @RenatoD14713839 @stang2k @franz_rother @Edison_Media @Tesla @ElectriveNet @ElectrekCo @BertelSchmittâ€¦ https://t.co/viL3phBvuM,########,140,0,1,0,0,Neutral
@williamfong206 @Tesla If it was me I'd go back and kindly let them know your feelings. Also suggest if they don'tâ€¦ https://t.co/cFaVeenzjm,########,140,0,0.868,0.132,0.4939,Neutral
@williamfong206 @scot_work @Tesla Youâ€™re welcome. Hold your stance with conviction if they push back â€” you deserveâ€¦ https://t.co/8EDo41lv2t,########,139,0,0.842,0.158,0.4588,Neutral
"@Apple , you guys need to stop poaching @Tesla employees, get your own people and train them, EV is not your thing.â€¦ https://t.co/dNRnW9Dixq",########,140,0.095,0.905,0,-0.296,Negative
@flippijones @TeslaSchweiz @TeslaModel3News @Tesla @elonmusk First time I see one in silver; this colour matches the 3 very well!,########,129,0,0.856,0.144,0.3989,Positive
@dealer_of_happy @Tesla @StatsTeslaApp I will download the stats app now and check it out. I have 22 inch wheels anâ€¦ https://t.co/s5e44Vvi6M,########,140,0,1,0,0,Neutral
@RenatoD14713839 @stang2k @franz_rother @Edison_Media @Tesla @ElectriveNet @ElectrekCo @BertelSchmitt @Tweetermeyerâ€¦ https://t.co/ZdPhhETlYP,########,140,0,1,0,0,Neutral
"RT @RogerioFilipe5: @Tesla @elonmusk I paid my Model 3 P, did not deliver it on March 31 as agreed, and nobody knows whatâ€™s going on. Whatâ€¦",########,139,0,0.916,0.084,0.2732,Issue
@williamfong206 @Tesla Don't feel bad. A $Tslaq bruh had a small rodent that kept accessing his cabin via the poorâ€¦ https://t.co/vGK3zPWTsf,########,139,0,0.863,0.137,0.431,Neutral
@stang2k @RenatoD14713839 @franz_rother @Edison_Media @Tesla @ElectriveNet @ElectrekCo @BertelSchmitt @Tweetermeyerâ€¦ https://t.co/jgCQZAt7ma,########,140,0,1,0,0,Neutral
@flippijones @TeslaSchweiz @TeslaModel3News @Tesla @elonmusk How did you get a silver one?? Had it been available Iâ€¦ https://t.co/sI5iypKv1Q,########,140,0,1,0,0,Issue
@RenatoD14713839 @auto_schmidt @franz_rother @Edison_Media @Tesla @ElectriveNet @ElectrekCo @BertelSchmittâ€¦ https://t.co/YBJGuO3DGr,########,131,0,1,0,0,Neutral
@Hashtaggiting @scot_work @Tesla Thanks thatâ€™s my plan. I was so excited to get a new Tesla but this wasnâ€™t cool at all,########,119,0,0.71,0.29,0.7148,Negative
@williamfong206 @Tesla I thought it was only Subaru that was dog tested and dog approved.,########,89,0,0.823,0.177,0.4215,Neutral
@mrkylefield @Tesla @elonmusk Drivers donâ€™t even need to be tricked. I see people driving the wrong way on a one way road all the time,########,134,0.183,0.817,0,-0.5719,Neutral
"RT @Erdayastronaut: I drove 4,500 miles in 10 days in my @Tesla #model3. I canâ€™t tell you how relaxing and easy it is with autopilot and Teâ€¦",########,140,0,0.79,0.21,0.7269,Positive
@RayDetroit @Tesla You would happen to have @StatsTeslaApp would you? I would be very curious to see your stats...â€¦ https://t.co/ygEDfYaKn6,########,139,0,0.874,0.126,0.3804,Neutral
"@Two20Zer0 @arctechinc @Tesla @elonmusk I'm interested, how many miles do you do in a shift?",########,92,0,0.828,0.172,0.4019,Neutral
RT @whatsinside: Bought a time machine off EBay. Can now confirm when @Tesla is coming out with next gen roadster. You may not like the ansâ€¦,########,140,0.081,0.919,0,-0.2755,Negative
RT @TeslaOwnersTwn: Test ride weekend! @TeslaOwnersTwn this weekend provided free test rides to a group of 270+ BMW owners. They were thoroâ€¦,########,140,0,0.848,0.152,0.5562,Positive
@thenerdyfellow @oneplus @Tesla That's a McLaren P1 with op Branding,########,68,0,1,0,0,Neutral
RT @MinimalDuck: Just parked my #Model3 in a spot that wouldnâ€™t allow me to get out bc of a support column. So I got out and backed in usinâ€¦,########,140,0,0.801,0.199,0.5719,Negative
@syph007 @Tesla 729 used as loaner/test drive car. But how can you deliver a car like that and expect someone to taâ€¦ https://t.co/3rOez7eKjR,########,140,0,0.866,0.134,0.5023,Negative
"RT @jpr007: This says that Tesla has now broken through 7,000 vehicles in Norway for Q1 - totals shown add up to 7,001 and Sunday has stillâ€¦",########,140,0.11,0.89,0,-0.4767,Neutral
Hanging with my bro ButtonWillowRaceway Loving my P3D just set a,3/31/2019 17:23,64,0,0.698,0.302,0.5994,Positive
RT 1 So this happened in Denmark s Lifetime Achievement Award a blue Model 3 has finally arrived,3/31/2019 17:22,96,0,0.788,0.212,0.5423,Positive
RT Woah Researchers successfully trick autopilot into driving into opposing traffic via small stickers as interference p,3/31/2019 17:22,120,0.065,0.761,0.174,0.4588,Negative
RT Woah Researchers successfully trick autopilot into driving into opposing traffic via small stickers as interference p,3/31/2019 17:22,120,0.065,0.761,0.174,0.4588,Negative
are you up to speed on Canada s new budget Under 45 000 BASE PRICE for 5000 fed rebate 5000 mo,3/31/2019 17:21,94,0,1,0,0,Neutral
Holy,3/31/2019 17:21,4,0,1,0,0,Neutral
Congrats all Can t wait to hear the numbers Looks like you knocked it out of the park,3/31/2019 17:21,85,0,0.718,0.282,0.7096,Positive
RT Tesla add another Supercharger Station in Shanghai China over the weekend Shanghai has the most Tesla Supercharger,3/31/2019 17:21,117,0,1,0,0,Neutral
1 So this happened in Denmark s Lifetime Achievement Award a blue Model 3 has finally arr,3/31/2019 17:21,89,0,0.774,0.226,0.5423,Positive
RT Ways amp have improved my model3 over the last 60 days 5 peak power increase range increase to 325 mi,3/31/2019 17:21,104,0,0.688,0.312,0.7717,Positive
RT Woah Researchers successfully trick autopilot into driving into opposing traffic via small stickers as interference p,3/31/2019 17:21,120,0.065,0.761,0.174,0.4588,Negative
Brought to you by,3/31/2019 17:21,17,0,1,0,0,Neutral
on our Christmas tour in snowy conditions we drove 5000km in 5 days With a 2015 S,3/31/2019 17:21,81,0,1,0,0,Neutral
RT Here s a video of the lab Fake Lane Attack causing the to drive into opposing lane by placing stickers on the gr,3/31/2019 17:21,115,0.237,0.763,0,-0.7351,Negative
RT Woah Researchers successfully trick autopilot into driving into opposing traffic via small stickers as interference p,3/31/2019 17:21,120,0.065,0.761,0.174,0.4588,Neutral
The last day of Q1 Happy delivery Looking forward to your shining 1Q19 Tesla 1Q19 TSLA,3/31/2019 17:20,86,0,0.802,0.198,0.5719,Positive
RT Woah Researchers successfully trick autopilot into driving into opposing traffic via small stickers as interference p,3/31/2019 17:20,120,0.065,0.761,0.174,0.4588,Negative
RT Woah Researchers successfully trick autopilot into driving into opposing traffic via small stickers as interference p,3/31/2019 17:20,120,0.065,0.761,0.174,0.4588,Negative
RT Woah Researchers successfully trick autopilot into driving into opposing traffic via small stickers as interference p,3/31/2019 17:20,120,0.065,0.761,0.174,0.4588,Negative
RT Just parked my Model3 in a spot that wouldn t allow me to get out bc of a support column So I got out and backed in usin,3/31/2019 17:19,123,0,0.794,0.206,0.5719,Neutral
RT Dog mode is good for more than just dogs Thanks for a fantastic car,3/31/2019 17:19,70,0,0.539,0.461,0.8555,Positive
RT Woah Researchers successfully trick autopilot into driving into opposing traffic via small stickers as interference p,3/31/2019 17:19,120,0.065,0.761,0.174,0.4588,Negative
RT Congratulation to China Team You guys did an amazing job Thank you very much TSLA Tesla China Tesl,3/31/2019 17:18,101,0,0.611,0.389,0.8807,Positive
RT Hi my dad s 75th birthday is in 2 weeks He s a big fan of Tesla and Elon Musk he bought 1 of the f,3/31/2019 17:18,101,0,0.897,0.103,0.3182,Positive
RT leitman,3/31/2019 17:18,10,0,1,0,0,Neutral
RT Woah Researchers successfully trick autopilot into driving into opposing traffic via small stickers as interference p,3/31/2019 17:17,120,0.065,0.761,0.174,0.4588,Negative
RT,3/31/2019 17:17,2,0,1,0,0,Neutral
RT Here s a video of the lab Fake Lane Attack causing the to drive into opposing lane by placing stickers on the gr,3/31/2019 17:17,115,0.237,0.763,0,-0.7351,Negative
