,tweetText,tweetCreated,tweetLength,negSentiment,neuSentiment,posSentiment,comSentiment
10,Dennis Pursley on Alabama's 200 medley relay win https://t.co/1soN3jdwqt via @YouTube,2019-04-01 13:11:55,85,0.0,0.725,0.275,0.5859
12,"RT @itsrachelle21: the emotional depth and clarity that‚Äôs here is just pure talentüëåout of this world really. 
Juan Karlos | Biyak (Lyric Vi‚Ä¶",2019-04-01 13:11:55,140,0.0,0.823,0.177,0.5106
16,@pewdiepie Your video still isn't trending @YouTube what the hell.,2019-04-01 13:11:53,66,0.338,0.662,0.0,-0.6808
17,burning spear weeping and wailing + dub - live 1987 https://t.co/vGRou4pXN6 via @YouTube,2019-04-01 13:11:53,88,0.225,0.775,0.0,-0.4404
18,"Gil Scott Heron- Angel Dust https://t.co/YmnocQOq51 via @YouTube
HAPPY BIRTHDAY KING",2019-04-01 13:11:53,84,0.0,0.619,0.381,0.6739
25,Jigsaw Foundation community funding https://t.co/PMFQ6oD2FF via @YouTube,2019-04-01 13:11:52,72,0.0,1.0,0.0,0.0
26,@Michelle_RTR @YouTube Hope you have a great day!üôèüèª,2019-04-01 13:11:52,51,0.0,0.407,0.593,0.807
31,RT @Find_Kemo: #FindKemo The Cancer Support Dog https://t.co/fynUpO9ZMF via @YouTube @KarenFi51820768 #MondayMotivaton https://t.co/4epHoFd‚Ä¶,2019-04-01 13:11:51,140,0.243,0.608,0.149,-0.4019
36,RT @SanremoAncheNoi: #jazz [DISTORTION] Spanish Laughing Man El Risitas - Content Aware Scale https://t.co/xYlkATmSY5 via @YouTube,2019-04-01 13:11:50,130,0.0,0.814,0.186,0.4939
39,RT @connectorno2la1: connector no 2las music https://t.co/fplyn6SnFW via @YouTube,2019-04-01 13:11:50,81,0.216,0.784,0.0,-0.296
40,"@usali0039 @YouTube üôÑüôÑüôÑüôÑüôÑüôÑüôÑüôÑüôÑüôÑüôÑüôÑüôÑüôÑüôÑüôÑmail received fro multan ! 
largest supplier of beggars for terrorist state Pakistan",2019-04-01 13:11:50,120,0.277,0.723,0.0,-0.7177
41,Linda Ronstadt &amp; Aaron Neville - Don't Know Much Subtitulado https://t.co/GpTAPDSuAr via @YouTube.   For my Heart!!!,2019-04-01 13:11:50,120,0.0,1.0,0.0,0.0
42,"Jeanine Pirro Rips The FBI, DOJ &amp; CIA -  Opening Statement https://t.co/6VJUU4ZipO via @YouTube",2019-04-01 13:11:50,99,0.0,1.0,0.0,0.0
45,"Every ""Meddling Kids"" comment from Scooby-Doo, Where Are You! https://t.co/E0ZaiS6xYn via @YouTube @NFLGMleague",2019-04-01 13:11:49,111,0.0,1.0,0.0,0.0
52,RT @8874Tiger: „ÄêAyasa„ÄëRe:Birth„ÄÄ„ÄúAyasa Theater episode 7 https://t.co/09kMZtnWpk @YouTube   #music   #violinist   #japanese   Ayasa‚ô° And  Ev‚Ä¶,2019-04-01 13:11:48,140,0.0,1.0,0.0,0.0
53,Evelyn Farkas Says Obama Admin Spied On Trump https://t.co/RnqolVKvH6 via @YouTube,2019-04-01 13:11:48,82,0.0,1.0,0.0,0.0
63,Braveheart: Scotts Fight On https://t.co/mdKj2F7OwQ via @YouTube,2019-04-01 13:11:47,64,0.302,0.698,0.0,-0.3818
65,Yeah! God Hand's back! Super Replay ‚Äì God Hand Episode 13: Cherry! https://t.co/cGFjITJJ3b via @YouTube,2019-04-01 13:11:47,103,0.0,0.385,0.615,0.9243
67,United States Sending Mercenaries WHERE?! https://t.co/1BrsDeRf5D via @YouTube,2019-04-01 13:11:46,78,0.0,0.694,0.306,0.4753
79,Avengers Endgame Star Chris Evans Bashes Trump https://t.co/2jHnKtMPkW via @YouTube,2019-04-01 13:11:44,83,0.0,1.0,0.0,0.0
84,CHECK OUT https://t.co/tCfrZqDey9 NOW !! https://t.co/keTp7gLq0J via @YouTube,2019-04-01 13:11:43,77,0.0,1.0,0.0,0.0
0,RT @Get_Chip: Weigh down your spending. #FollowMyLead https://t.co/ZMnBcRylYf @Apple @RevolutApp,2019-04-01 13:11:53,96,0.0,1.0,0.0,0.0
2,RT @freiberg_max: @Apple make a debit card for us college kids who like the concept but don‚Äôt want a credit score of 400,2019-04-01 13:11:52,120,0.0,0.732,0.268,0.6808
3,Dear @tim_cook @apple can we please have more dynamic wallpapers! Regular wallpapers are boring! Thanks!,2019-04-01 13:11:38,104,0.096,0.419,0.485,0.8507
4,"Happy Birthday to @PASenateGOP member @SenatorDiSanto! We hope you enjoy the best year yet. #HappyBirthday

Did you‚Ä¶ https://t.co/aKErfIW5SX",2019-04-01 13:11:28,140,0.0,0.495,0.505,0.9359
5,"RT @Apple: Titanium, laser-etched, no numbers, and no fees. A new kind of credit card. Coming this summer.",2019-04-01 13:11:23,106,0.212,0.676,0.111,-0.2716
7,RT @Apple: Turn off your notifications when you‚Äôre behind the wheel. Do Not Disturb While Driving. That‚Äôs iPhone.,2019-04-01 13:10:50,113,0.0,0.883,0.117,0.3089
8,"Whenever I take videos of my dog or watch someone else‚Äôs pet videos I have to ask, why hasn‚Äôt @Apple perfected AI n‚Ä¶ https://t.co/bQJh4Ntc6n",2019-04-01 13:10:47,140,0.0,0.85,0.15,0.5719
9,@Apple can y‚Äôall pls make some sort of ‚Äúclear all‚Äù button? I‚Äôm the worst at closing my apps :( https://t.co/baKBS1VEim,2019-04-01 13:10:47,118,0.277,0.672,0.051,-0.7717
10,"Apple did me over on April fools by sending me a pink watch, nice one @Apple xxx",2019-04-01 13:10:26,80,0.16,0.7,0.14,-0.1027
11,#Auburn University looking to add @Apple to list of its co-op opportunities for students -  https://t.co/vL8x0FiZcJ #MetroCOLA #highered,2019-04-01 13:10:18,136,0.0,0.86,0.14,0.3818
13,RT @Apple: Let your phone do the reading for you. Speak Screen. That‚Äôs iPhone.,2019-04-01 13:09:41,78,0.0,1.0,0.0,0.0
14,has anyone had @Apple plug in headphones electrocute their ears while wearing? Happened to me this morning. Had to‚Ä¶ https://t.co/VezplpqJhM,2019-04-01 13:09:14,139,0.0,1.0,0.0,0.0
15,"RT @Apple: Titanium, laser-etched, no numbers, and no fees. A new kind of credit card. Coming this summer.",2019-04-01 13:08:56,106,0.212,0.676,0.111,-0.2716
16,"Happy birthday, @Apple! Apple Computer Co. was formed #OTD in 1976 by Steve Jobs and Steve Wozniak. #NotAprilFools #Innovation #JustFun",2019-04-01 13:08:48,135,0.0,0.826,0.174,0.6114
18,RT @Apple: Apple TV+. A new home for the world‚Äôs most creative storytellers.,2019-04-01 13:08:30,76,0.0,0.775,0.225,0.4927
19,"RT @ValaAfshar: April 1, 1976 (43 years ago today):

@Apple Computer is formed on April 1, 1976. It may have been April Fools' Day, but Ste‚Ä¶",2019-04-01 13:08:03,140,0.077,0.923,0.0,-0.2732
20,"RT @iddris_sandu: Excited to announce that i'll be teaching a class on design for the largest company in the world. üçè
@Apple

This is black‚Ä¶",2019-04-01 13:07:18,140,0.0,0.909,0.091,0.34
21,@MadrasiBattery @Apple TrueüòÇüòÇ,2019-04-01 13:07:12,29,0.0,1.0,0.0,0.0
22,"@apple @pschiller Now that some resources have cleared up (AirPower), why don‚Äôt you devote some to making Apple cas‚Ä¶ https://t.co/UT7Kofe6jV",2019-04-01 13:06:53,140,0.0,0.826,0.174,0.4215
23,"Hey @Skype any word on being able to get Skype notifications, messages and or calls on the @Apple Watch again?‚Ä¶ https://t.co/8AWbUCXY3s",2019-04-01 13:06:51,135,0.0,1.0,0.0,0.0
24,@Apple Not true. Apple lets the US government to spy on its citizens.,2019-04-01 13:06:31,69,0.163,0.837,0.0,-0.3252
25,@julietibrahim Lets raise support for #JulieTibrahim @Emmizunik88 @HSBC @OghenetegaEmma2 @Apple @realDonaldTrump‚Ä¶ https://t.co/BEr4q1L75k,2019-04-01 13:06:09,137,0.0,0.803,0.197,0.4019
26,"I‚Äôm ready to be able to change the background of my texts now.... @Apple Android been able to do that, it‚Äôs one of‚Ä¶ https://t.co/2dJpIGWpoQ",2019-04-01 13:06:00,139,0.0,0.902,0.098,0.3612
27,@Oprah @tim_cook @Apple I'm so glad I have a android...dont want NOTHING to do with you. You evil individual @Oprah,2019-04-01 13:05:57,115,0.179,0.611,0.21,-0.0602
29,@Apple u shouldn‚Äôt be able to end a ft call by pressing the power button. i hung up on accident too much,2019-04-01 13:05:51,104,0.147,0.853,0.0,-0.4767
31,Fun piece of @Apple history! Happy birthday Apple! üçé #tech #applenews https://t.co/SCCGkqjmFB,2019-04-01 13:05:07,93,0.0,0.592,0.408,0.8217
32,@Martinwife2017 iPhone X @Apple ! Some natural light &amp; portait mode does wondersüôå also some editing help from @Photoshop &amp; @Lightroom,2019-04-01 13:05:03,141,0.0,0.756,0.244,0.6696
33,"Get on it, @Apple! https://t.co/rTLgu5ggTS",2019-04-01 13:05:02,42,0.0,1.0,0.0,0.0
35,"Happy 43rd Birthday @Apple, üéÇ (founded April 1st, 1976 by Steve Jobs and Steve Wozniak) #Apple https://t.co/XXfPtFrSqV",2019-04-01 13:04:37,118,0.0,0.821,0.179,0.5719
36,@Apple @tim_cook hi apple notice me please i took this using iphone 6 #shotoniphone,2019-04-01 13:04:25,83,0.0,0.827,0.173,0.3182
37,"RT @TriviaPower: Madagascar is the world‚Äôs 4th largest island!
@USMadagascar @wwf_mada @CINU261 @IQjackpot @hqtrivia @JustTheFactoids @Uber‚Ä¶",2019-04-01 13:03:47,140,0.0,1.0,0.0,0.0
38,@thekaelynn @Apple i b walkin on the treadmill ü§∑‚Äç‚ôÇÔ∏èü§∑‚Äç‚ôÇÔ∏èü§∑‚Äç‚ôÇÔ∏è,2019-04-01 13:03:31,59,0.0,1.0,0.0,0.0
39,"RT @GadgetsBoy: Hoping @Apple bundle some of the services. Gaming, Music, TV/Movies. I'm already subscribed to Netflix, Prime and Spotify,‚Ä¶",2019-04-01 13:03:12,139,0.0,0.872,0.128,0.4215
41,@Apple Do you realize what type of evil that you aligned yourself with by having Oprah? #muteoprah #cancelopra‚Ä¶ https://t.co/2sygnXyOeA,2019-04-01 13:02:52,135,0.196,0.804,0.0,-0.6597
42,"RT @ValaAfshar: April 1, 1976 (43 years ago today):

@Apple Computer is formed on April 1, 1976. It may have been April Fools' Day, but Ste‚Ä¶",2019-04-01 13:02:23,140,0.077,0.923,0.0,-0.2732
44,Anybody else experiencing that their #iPhoneX can do about anything BUT allow you to talk to someone? @Apple insist‚Ä¶ https://t.co/OxgXZEdAOF,2019-04-01 13:02:14,140,0.0,0.89,0.11,0.3291
45,"I really respect this company. 
@Apple",2019-04-01 13:02:09,38,0.0,0.541,0.459,0.5256
46,Hello @tim_cook can you please stop selling me broken accessories @AppleSupport @Apple,2019-04-01 13:01:56,86,0.319,0.542,0.139,-0.4588
47,@flywithsid @Apple Thanks for the link. I will see.,2019-04-01 13:01:45,51,0.0,0.707,0.293,0.4404
48,"RT @BoredElonMusk: Hey @Apple, getting to Mars is a lot easier by rocket versus building a pile of cash that reaches that far. #Protip",2019-04-01 13:01:34,134,0.0,0.833,0.167,0.4588
49,Projecting April 7th for @SpaceX second launch of the #FalconHeavy. This will be the first launch since @Apple anno‚Ä¶ https://t.co/dgbx0Q6nSE,2019-04-01 13:01:30,140,0.0,1.0,0.0,0.0
50,"Note to future self: it‚Äôs the @Apple macOS Preview app that lets you add text, shapes and lines to PDFs. No need to‚Ä¶ https://t.co/F6kPMWdHjA",2019-04-01 13:01:13,140,0.087,0.913,0.0,-0.296
51,@rathibr @Apple Did you check out this? https://t.co/FccRrxB3MB,2019-04-01 13:01:01,63,0.0,1.0,0.0,0.0
52,RT @Apple: Survive the accidental spill on your phone. Water Resistance. That‚Äôs iPhone.,2019-04-01 13:00:57,87,0.098,0.902,0.0,-0.0772
54,RT @Apple: Turn off your notifications when you‚Äôre behind the wheel. Do Not Disturb While Driving. That‚Äôs iPhone.,2019-04-01 13:00:54,113,0.0,0.883,0.117,0.3089
56,RT @Apple: Pick the best shot from within a moving photo. Live Photos. That‚Äôs iPhone.,2019-04-01 13:00:29,85,0.0,0.756,0.244,0.6369
57,@aspathak22 @Apple I'm enjoying the fact that next millennials would have no idea what AirPower is. But we will :),2019-04-01 13:00:12,114,0.065,0.685,0.25,0.6808
58,"RT @Apple: Titanium, laser-etched, no numbers, and no fees. A new kind of credit card. Coming this summer.",2019-04-01 12:59:57,106,0.212,0.676,0.111,-0.2716
59,"RT @AnnaKennedy1: World Autism Awareness Week 1-7 April 2019 https://t.co/2XMPVLawNz
#autism #charity @apple #coventgarden #autismawareness‚Ä¶",2019-04-01 12:59:54,140,0.0,1.0,0.0,0.0
60,@ElieFinegold @Apple @MetaPropNYC Both üòâ,2019-04-01 12:59:41,40,0.0,1.0,0.0,0.0
61,"RT @Oprah: I‚Äôm partnering with @tim_cook and @Apple to leave this world a little bit smarter, kinder, and better than we found it. Apple TV‚Ä¶",2019-04-01 12:59:36,140,0.04,0.672,0.288,0.8104
63,RT @Oprah: Who knew the elevator was going to spin? Only at @apple! https://t.co/aIV76v5nRm,2019-04-01 12:59:27,91,0.0,1.0,0.0,0.0
64,RT @Apple: Pick the best shot from within a moving photo. Live Photos. That‚Äôs iPhone.,2019-04-01 12:59:08,85,0.0,0.756,0.244,0.6369
65,@Apple Apple is good until Tim Cook decided to screw everything.,2019-04-01 12:59:06,64,0.105,0.677,0.218,0.3612
67,"RT @AnnaKennedy1: World Autism Awareness Week 1-7 April 2019 https://t.co/2XMPVLawNz
#autism #charity @apple #coventgarden #autismawareness‚Ä¶",2019-04-01 12:58:51,140,0.0,1.0,0.0,0.0
68,"@Apple This is a MasterCard. Traditionally high (usery levels) interest rates. Also, limited to establishments that accept MC",2019-04-01 12:58:50,125,0.088,0.651,0.26,0.5719
69,"Latest rating of 1,000+ US employers on equitable benefits, non-discrim practices, inclusive culture re: #LGBTQ wor‚Ä¶ https://t.co/yfV4bSQRzB",2019-04-01 12:58:47,140,0.0,0.86,0.14,0.3818
70,"RT @Apple: Titanium, laser-etched, no numbers, and no fees. A new kind of credit card. Coming this summer.",2019-04-01 12:58:33,106,0.212,0.676,0.111,-0.2716
71,"@Apple IPHONE FULLY SHOT STLISH SHORT FILM 
https://t.co/k4mIebaL5g",2019-04-01 12:57:39,67,0.0,1.0,0.0,0.0
73,@Apple It‚Äôs only longer because your updates killed the batteries on the iPhone 6s.,2019-04-01 12:57:32,83,0.257,0.743,0.0,-0.6705
74,RT @Apple: Turn off your notifications when you‚Äôre behind the wheel. Do Not Disturb While Driving. That‚Äôs iPhone.,2019-04-01 12:57:31,113,0.0,0.883,0.117,0.3089
75,RT @Apple: Easily log into apps by using your face as your password. Face ID. That‚Äôs iPhone.,2019-04-01 12:56:25,92,0.0,0.87,0.13,0.34
76,@SimoneMSamuels @iTunes @tim_cook So strange. I contatcted @Apple  but they just told me to update to the newest it‚Ä¶ https://t.co/Gc2R9k5dDS,2019-04-01 12:56:16,140,0.086,0.914,0.0,-0.1737
78,RT @Apple: Survive the accidental spill on your phone. Water Resistance. That‚Äôs iPhone.,2019-04-01 12:55:56,87,0.098,0.902,0.0,-0.0772
79,I second this motion @instagram @Apple https://t.co/gI2UCxOKEu,2019-04-01 12:55:49,62,0.0,1.0,0.0,0.0
80,"So, a few weeks ago @Apple changed the female Australian voice on #HomePod, and it‚Äôs TERRIBLE.",2019-04-01 12:55:18,94,0.215,0.785,0.0,-0.5904
81,"Overheard: there are ~220 #VC backed IPOs in the queue for 2019, 10x the usual number, w/collective equity value ap‚Ä¶ https://t.co/X3BgFdL3qc",2019-04-01 12:55:11,140,0.0,0.789,0.211,0.4215
82,"@Apple Never owned an Apple product, never will.",2019-04-01 12:55:07,48,0.0,1.0,0.0,0.0
84,"Thank you @Apple for fixing my phone, @JoMaloneLondon for bringing out the most beautiful scent that I just HAD to‚Ä¶ https://t.co/7lCkTa6VSI",2019-04-01 12:54:53,139,0.0,0.729,0.271,0.7713
85,I need an eyeball emoji that looks the other way üëÄ @Apple,2019-04-01 12:54:52,57,0.0,1.0,0.0,0.0
86,Yes its better than @Apple airpods https://t.co/fW3kohbErw,2019-04-01 12:54:41,58,0.0,0.472,0.528,0.6808
87,"One code to rule them all, #visa and #mastercard face off for next generation consumer payments. Personally I think‚Ä¶ https://t.co/7FMUzFL8jq",2019-04-01 12:54:32,140,0.0,1.0,0.0,0.0
88,"RT @TheAGamePodcast: You'd be foolish to miss the latest A-Game podcast! After their big announcement last week, @Apple is forging their wa‚Ä¶",2019-04-01 12:54:21,140,0.166,0.834,0.0,-0.4574
89,No guys!!! If there is ANYTHING that will make me rethink my relationship with @Apple it‚Äôs their USELESS chargers. ü§¨ü§¨ü§¨ ü§¨,2019-04-01 12:54:12,120,0.223,0.777,0.0,-0.7656
90,RT @Apple: Pick the best shot from within a moving photo. Live Photos. That‚Äôs iPhone.,2019-04-01 12:54:09,85,0.0,0.756,0.244,0.6369
91,"RT @EricStoller: How long before universities start using @Apple Business Chat as another student recruitment channel? Business tech today,‚Ä¶",2019-04-01 12:54:05,140,0.0,1.0,0.0,0.0
93,RT @ICT_Works: Breaking News: @USAID Launches $4.1 Million Artificial Intelligence Initiative w/ @Google @Apple @amazon https://t.co/Z5zKhS‚Ä¶,2019-04-01 12:53:50,140,0.0,0.829,0.171,0.4767
94,"Nice, @Apple told me a new song was available on an album I had preordered - and then charged me for it, without purchase confirmation!",2019-04-01 12:53:02,135,0.072,0.803,0.124,0.3164
95,"@Apple @tim_cook Wow such impressive camera &amp; easy to use, just works, #iPhone XS https://t.co/sNfQNjab87",2019-04-01 12:53:00,109,0.0,0.545,0.455,0.875
96,About time @SamsungMobile release android pie for the s8. I hope you keep older phones supported like @Apple. Only downside to android,2019-04-01 12:52:31,134,0.075,0.637,0.288,0.6908
97,"RT @telecoms: The @telecoms podcast returns this week with @Apple , @Huawei and Europe! Watch or listen to the full episode here: https://t‚Ä¶",2019-04-01 12:52:21,140,0.0,1.0,0.0,0.0
0,RT @seandalyWFTS: Christian is a GREAT interview. Always love heading out to @FLPolyU. In another world ‚Äî one in which I‚Äôm wicked smahhht ‚Äî‚Ä¶,2019-04-01 12:56:00,140,0.108,0.604,0.287,0.7672
1,"RT @garywhite13: Leaders of @FLPolyU plan trip to North Carolina State to gather ideas for how to promote research park around campus, as @‚Ä¶",2019-04-01 12:11:13,140,0.0,0.898,0.102,0.3818
2,"RT @DeLorean5017: Here with the DeLorean at @FLPolyU @FLPolyCon in Lakeland, Florida. #flpolycon2019 #flpolycon #Lakeland #DeLorean https:/‚Ä¶",2019-04-01 00:49:37,140,0.0,1.0,0.0,0.0
3,RT @FLPolyU: Another epic @FLPolyCon in the books! üî• https://t.co/PgYF9iIInG,2019-03-31 19:21:12,76,0.23,0.77,0.0,-0.4003
4,Leaders of @FLPolyU plan trip to North Carolina State to gather ideas for how to promote research park around campu‚Ä¶ https://t.co/a0B6RIFCxZ,2019-03-31 16:02:58,140,0.0,0.885,0.115,0.3818
5,RT @FLPolyU: Another epic @FLPolyCon in the books! üî• https://t.co/PgYF9iIInG,2019-03-31 15:34:44,76,0.23,0.77,0.0,-0.4003
6,"@JefWeissman @DeLoreanOwners @FLPolyU @FLPolyCon Totally wished, it‚Äôll be awesome to have. üòé but it‚Äôs just a stock‚Ä¶ https://t.co/e9ykhaDvjD",2019-03-31 07:35:59,139,0.0,0.798,0.202,0.5499
7,@DeLorean5017 @DeLoreanOwners @FLPolyU @FLPolyCon Is it electric?,2019-03-31 05:53:00,65,0.0,1.0,0.0,0.0
8,"RT @DeLorean5017: Here with the DeLorean at @FLPolyU @FLPolyCon in Lakeland, Florida. #flpolycon2019 #flpolycon #Lakeland #DeLorean https:/‚Ä¶",2019-03-31 05:24:47,140,0.0,1.0,0.0,0.0
9,"RT @DeLorean5017: Here with the DeLorean at @FLPolyU @FLPolyCon in Lakeland, Florida. #flpolycon2019 #flpolycon #Lakeland #DeLorean https:/‚Ä¶",2019-03-30 22:40:43,140,0.0,1.0,0.0,0.0
11,"Here with the DeLorean at @FLPolyU @FLPolyCon in Lakeland, Florida. #flpolycon2019 #flpolycon #Lakeland #DeLorean https://t.co/d1s9us2tfv",2019-03-30 15:14:45,137,0.0,1.0,0.0,0.0
12,@FLPolyU Student Wins Madden Gaming Competition https://t.co/5W1uO4piUP #FLPolyU #Florida @MyNews13,2019-03-29 21:15:37,99,0.0,0.709,0.291,0.5719
13,.@FLPolyU also hosts its annual #PolyCon this weekend for all the nerds (like me) out there. https://t.co/X9rWaVLR2K https://t.co/DcImhvKQoB,2019-03-29 20:20:57,140,0.0,1.0,0.0,0.0
14,"RT @FLPolyU: Mark your calendars! Come join us for @FLPolyCon a day of all-inclusive geek culture celebration.  

üóìSaturday, 3/30 
üïô10:30 a‚Ä¶",2019-03-29 18:47:35,140,0.081,0.807,0.112,0.1759
15,"RT @FLPolyU: Sealing the deal in OT. üéÆ 

#FLPoly business analytics major wins #MaddenChallenge against hundreds of gamers in walk-off fash‚Ä¶",2019-03-29 18:47:02,140,0.0,0.85,0.15,0.5719
16,"Florida Polytechnic University @FLPolyU  Appoints Ombuds 
https://t.co/I3ZsIya1Kr",2019-03-29 15:42:53,81,0.0,1.0,0.0,0.0
17,RT @seandalyWFTS: Christian is a GREAT interview. Always love heading out to @FLPolyU. In another world ‚Äî one in which I‚Äôm wicked smahhht ‚Äî‚Ä¶,2019-03-29 14:27:00,140,0.108,0.604,0.287,0.7672
18,Christian is a GREAT interview. Always love heading out to @FLPolyU. In another world ‚Äî one in which I‚Äôm wicked sma‚Ä¶ https://t.co/AALkdZBaIv,2019-03-29 14:22:10,140,0.116,0.578,0.307,0.7672
19,"RT @FLPolyU: Mark your calendars! Come join us for @FLPolyCon a day of all-inclusive geek culture celebration.  

üóìSaturday, 3/30 
üïô10:30 a‚Ä¶",2019-03-28 02:09:28,140,0.081,0.807,0.112,0.1759
20,"Mark your calendars! Come join us for @FLPolyCon a day of all-inclusive geek culture celebration.  

üóìSaturday, 3/3‚Ä¶ https://t.co/NXFraFY2ho",2019-03-27 23:00:09,140,0.093,0.778,0.129,0.1759
21,"RT @FLPolyU: Sealing the deal in OT. üéÆ 

#FLPoly business analytics major wins #MaddenChallenge against hundreds of gamers in walk-off fash‚Ä¶",2019-03-27 22:15:41,140,0.0,0.85,0.15,0.5719
22,"RT @FLPolyU: Sealing the deal in OT. üéÆ 

#FLPoly business analytics major wins #MaddenChallenge against hundreds of gamers in walk-off fash‚Ä¶",2019-03-27 19:27:38,140,0.0,0.85,0.15,0.5719
23,"Breaking ground this August, @FLPolyU's Applied Research Center will be a new #research hub for Central #Florida.‚Ä¶ https://t.co/cIsr9l7rN8",2019-03-27 19:08:45,138,0.0,1.0,0.0,0.0
24,.@FLPolyU to host 5th @FLPolyCon in most interactive fashion https://t.co/MVkfV2G1ac,2019-03-27 18:17:23,84,0.0,1.0,0.0,0.0
25,"RT @ORLPartnership: Congratulations to @FLPolyU for announcing that its new 85,000 square foot Applied Research Center (ARC) will break gro‚Ä¶",2019-03-27 15:58:25,140,0.0,0.83,0.17,0.5994
26,"Congratulations to @FLPolyU for announcing that its new 85,000 square foot Applied Research Center (ARC) will break‚Ä¶ https://t.co/uy0tTZC94s",2019-03-27 15:57:15,140,0.0,0.813,0.187,0.5994
27,@FLPolyU CONGRATS!! #MaddenMan üëç,2019-03-27 13:26:52,32,0.0,0.459,0.541,0.6924
28,Description of cybersecurity research in automated vehicle systems at ‚Å¶@FLPolyU‚Å©. Threat types described. https://t.co/db13prRH3X,2019-03-27 12:16:52,129,0.207,0.793,0.0,-0.5267
29,"RT @FLPolyU: Sealing the deal in OT. üéÆ 

#FLPoly business analytics major wins #MaddenChallenge against hundreds of gamers in walk-off fash‚Ä¶",2019-03-27 03:23:56,140,0.0,0.85,0.15,0.5719
30,"RT @FLPolyU: Sealing the deal in OT. üéÆ 

#FLPoly business analytics major wins #MaddenChallenge against hundreds of gamers in walk-off fash‚Ä¶",2019-03-27 03:08:45,140,0.0,0.85,0.15,0.5719
31,"RT @FLPolyU: Sealing the deal in OT. üéÆ 

#FLPoly business analytics major wins #MaddenChallenge against hundreds of gamers in walk-off fash‚Ä¶",2019-03-27 03:01:39,140,0.0,0.85,0.15,0.5719
32,"RT @FLPolyU: Sealing the deal in OT. üéÆ 

#FLPoly business analytics major wins #MaddenChallenge against hundreds of gamers in walk-off fash‚Ä¶",2019-03-27 01:37:47,140,0.0,0.85,0.15,0.5719
33,"RT @FLPolyU: Sealing the deal in OT. üéÆ 

#FLPoly business analytics major wins #MaddenChallenge against hundreds of gamers in walk-off fash‚Ä¶",2019-03-27 01:07:30,140,0.0,0.85,0.15,0.5719
34,"RT @FLPolyU: Sealing the deal in OT. üéÆ 

#FLPoly business analytics major wins #MaddenChallenge against hundreds of gamers in walk-off fash‚Ä¶",2019-03-26 23:49:00,140,0.0,0.85,0.15,0.5719
35,"RT @FLPolyU: Sealing the deal in OT. üéÆ 

#FLPoly business analytics major wins #MaddenChallenge against hundreds of gamers in walk-off fash‚Ä¶",2019-03-26 23:00:10,140,0.0,0.85,0.15,0.5719
36,"RT @FLPolyU: Sealing the deal in OT. üéÆ 

#FLPoly business analytics major wins #MaddenChallenge against hundreds of gamers in walk-off fash‚Ä¶",2019-03-26 22:34:30,140,0.0,0.85,0.15,0.5719
37,"RT @FLPolyU: Sealing the deal in OT. üéÆ 

#FLPoly business analytics major wins #MaddenChallenge against hundreds of gamers in walk-off fash‚Ä¶",2019-03-26 22:28:10,140,0.0,0.85,0.15,0.5719
38,"RT @FLPolyU: Sealing the deal in OT. üéÆ 

#FLPoly business analytics major wins #MaddenChallenge against hundreds of gamers in walk-off fash‚Ä¶",2019-03-26 22:16:42,140,0.0,0.85,0.15,0.5719
39,"RT @FLPolyU: Sealing the deal in OT. üéÆ 

#FLPoly business analytics major wins #MaddenChallenge against hundreds of gamers in walk-off fash‚Ä¶",2019-03-26 21:08:18,140,0.0,0.85,0.15,0.5719
40,"RT @FLPolyU: Sealing the deal in OT. üéÆ 

#FLPoly business analytics major wins #MaddenChallenge against hundreds of gamers in walk-off fash‚Ä¶",2019-03-26 21:05:01,140,0.0,0.85,0.15,0.5719
41,RT @CapitalSoup: .@FLPolyU student beats odds to become EA Madden NFL champion https://t.co/I1f4ZS8SFU,2019-03-26 12:32:07,102,0.0,0.755,0.245,0.5994
42,.@FLPolyU student beats odds to become EA Madden NFL champion https://t.co/I1f4ZS8SFU,2019-03-26 11:45:32,85,0.0,0.719,0.281,0.5994
43,RT @FLPolyU: ‚ÄúWhat excites me most is teaching students new things that help them learn and grow both professionally and personally. They a‚Ä¶,2019-03-25 18:18:37,140,0.0,0.784,0.216,0.7003
44,"RT @FLPolyU: Reimagining the possibilities üí°

#MondayMotiviation https://t.co/WZcgY02c8k",2019-03-25 16:29:23,88,0.0,1.0,0.0,0.0
45,"RT @FLPolyU: ‚ÄúI always follow my intuition. Some people will tell you it‚Äôs not possible, but if you put your time and effort there‚Äôs nothin‚Ä¶",2019-03-23 20:03:40,140,0.0,1.0,0.0,0.0
46,"Hosted by @SHPEUSF, the event welcomes 168 students from more than 30 schools throughout North America. Some studen‚Ä¶ https://t.co/WohnkwkIfF",2019-03-23 19:56:28,140,0.0,0.87,0.13,0.4019
0,"RT @LDCLatino: We shared our latest report ""Latinos Contribution to U.S. Economic Dynamism"" with economists, businessmen and women, and div‚Ä¶",2019-04-01 13:07:45,140,0.0,0.783,0.217,0.6124
1,"üçö This week schedule üçö

Mon(4/1): @WUSTLmed (600 Taylor ave.)

Tue(4/2): @CitygardenSTL(8th Market St.) &amp;‚Ä¶ https://t.co/ptf5jc6gip",2019-04-01 13:06:42,134,0.0,1.0,0.0,0.0
2,@ZagMBB @WellsFargo It's like the Real prince harryüòÅüòÅüòÅüòÅ Lol,2019-04-01 13:03:39,59,0.0,0.569,0.431,0.6486
3,@WellsFargo Worst. Bank. Ever.,2019-04-01 13:02:50,30,0.577,0.423,0.0,-0.6249
4,@ZagMBB @WellsFargo O Dang I guess God's karma does existüòâüòÅ,2019-04-01 12:58:13,59,0.0,1.0,0.0,0.0
5,"RT @mahahome: Thank you to our partners @BostonChildrens @WellsFargo @midascollab @GBinterfaith for helping us launch STASH, our matched sa‚Ä¶",2019-04-01 12:57:50,140,0.0,0.783,0.217,0.5719
6,@ourkidz3 @adomantholdings @M1mpossibl @beastsaver @nadiaskin1 @mkaz9800 @mastersdrimist @CathyPe78176224‚Ä¶ https://t.co/Sjj9IiUoUu,2019-04-01 12:56:57,130,0.0,1.0,0.0,0.0
7,@musser_benson @Scotus @WellsFargo The only thing I will correct here is MILLIONS of innocent ppl it‚Äôs so hard to p‚Ä¶ https://t.co/xJqemg1t6o,2019-04-01 12:56:12,140,0.084,0.808,0.108,0.1365
8,RT @musser_benson: @adomantholdings @M1mpossibl @beastsaver @ourkidz3 @nadiaskin1 @mkaz9800 @mastersdrimist @CathyPe78176224 @BeyondTheBant‚Ä¶,2019-04-01 12:55:19,140,0.0,1.0,0.0,0.0
9,RT @ourkidz3: @musser_benson @adomantholdings @M1mpossibl @beastsaver @nadiaskin1 @mkaz9800 @mastersdrimist @CathyPe78176224 @BeyondTheBant‚Ä¶,2019-04-01 12:52:48,140,0.0,1.0,0.0,0.0
10,RT @ourkidz3: @musser_benson @adomantholdings @M1mpossibl @beastsaver @nadiaskin1 @mkaz9800 @mastersdrimist @CathyPe78176224 @BeyondTheBant‚Ä¶,2019-04-01 12:52:40,140,0.0,1.0,0.0,0.0
11,"@SCOTUS has attempted to Hide This Complaint from the Public. Why? This Explains Everything @WellsFargo did to 100,‚Ä¶ https://t.co/NO1FDYbDqO",2019-04-01 12:52:36,140,0.198,0.802,0.0,-0.4939
12,"RT @wealsoherdcats: The results are: in the WORST BANKS for the climate: @Chase, @WellsFargo, @Citi, @BankofAmerica.  See if yours made the‚Ä¶",2019-04-01 12:51:09,140,0.195,0.805,0.0,-0.7034
13,@musser_benson @adomantholdings @M1mpossibl @beastsaver @nadiaskin1 @mkaz9800 @mastersdrimist @CathyPe78176224‚Ä¶ https://t.co/bVlwUq0bNd,2019-04-01 12:49:56,135,0.0,1.0,0.0,0.0
14,@adomantholdings @M1mpossibl @beastsaver @nadiaskin1 @mkaz9800 @musser_benson @mastersdrimist @CathyPe78176224‚Ä¶ https://t.co/yQaxZqNS7k,2019-04-01 12:46:14,135,0.0,1.0,0.0,0.0
16,@adomantholdings @M1mpossibl @beastsaver @ourkidz3 @nadiaskin1 @mkaz9800 @mastersdrimist @CathyPe78176224‚Ä¶ https://t.co/FqQ4rQLFtW,2019-04-01 12:43:02,130,0.0,1.0,0.0,0.0
17,RT @EmmaWHertz: Big thank you to @WellsFargo for their investment in nonprofit leadership and capacity building. @YWHMontCo joins 25 local‚Ä¶,2019-04-01 12:39:46,139,0.0,0.884,0.116,0.3612
18,@adomantholdings @M1mpossibl @beastsaver @ourkidz3 @nadiaskin1 @mkaz9800 @mastersdrimist @CathyPe78176224‚Ä¶ https://t.co/RUlYpPeNiR,2019-04-01 12:38:56,130,0.0,1.0,0.0,0.0
19,"More than 130 public and private organizations, including @WellsFargo, have come together to support Read by 4th, a‚Ä¶ https://t.co/ef7z11rzKg",2019-04-01 12:35:59,140,0.0,0.87,0.13,0.4019
20,@musser_benson @adomantholdings @M1mpossibl @beastsaver @nadiaskin1 @mkaz9800 @mastersdrimist @CathyPe78176224‚Ä¶ https://t.co/Y5QLOPXiW8,2019-04-01 12:33:33,135,0.0,1.0,0.0,0.0
21,@adomantholdings @M1mpossibl @beastsaver @ourkidz3 @nadiaskin1 @mkaz9800 @mastersdrimist @CathyPe78176224‚Ä¶ https://t.co/pt8bEqviL0,2019-04-01 12:32:50,130,0.0,1.0,0.0,0.0
22,RT @WellsFargo: Unopened meal kits piling up in your fridge? Track recurring payments with Control Tower‚Ñ†. Only from Wells Fargo.,2019-04-01 12:28:05,129,0.0,0.905,0.095,0.25
24,RT @adomantholdings: @DeadlyClear @truthsearch1957 @MaryHill387 @musser_benson @StopFraud4 @Darla_Marlene @nadiaskin1 @ForeclosureOz @black‚Ä¶,2019-04-01 12:25:25,140,0.0,1.0,0.0,0.0
25,RT @adomantholdings: @M1mpossibl @beastsaver @ourkidz3 @nadiaskin1 @mkaz9800 @musser_benson @mastersdrimist @CathyPe78176224 @BeyondTheBant‚Ä¶,2019-04-01 12:25:19,140,0.0,1.0,0.0,0.0
26,@adomantholdings @M1mpossibl @beastsaver @ourkidz3 @nadiaskin1 @mkaz9800 @mastersdrimist @CathyPe78176224‚Ä¶ https://t.co/JBMasFNJel,2019-04-01 12:21:34,130,0.0,1.0,0.0,0.0
27,"Thank you to our partners @BostonChildrens @WellsFargo @midascollab @GBinterfaith for helping us launch STASH, our‚Ä¶ https://t.co/lOIcUk3qsO",2019-04-01 12:17:59,139,0.0,0.749,0.251,0.5719
28,RT @adomantholdings: @M1mpossibl @beastsaver @ourkidz3 @nadiaskin1 @mkaz9800 @musser_benson @mastersdrimist @CathyPe78176224 @BeyondTheBant‚Ä¶,2019-04-01 12:16:16,140,0.0,1.0,0.0,0.0
29,@adomantholdings @M1mpossibl @beastsaver @nadiaskin1 @mkaz9800 @musser_benson @mastersdrimist @CathyPe78176224‚Ä¶ https://t.co/EQosPVx4Cw,2019-04-01 12:15:50,135,0.0,1.0,0.0,0.0
30,RT @adomantholdings: @M1mpossibl @beastsaver @ourkidz3 @nadiaskin1 @mkaz9800 @musser_benson @mastersdrimist @CathyPe78176224 @BeyondTheBant‚Ä¶,2019-04-01 12:15:18,140,0.0,1.0,0.0,0.0
31,RT @adomantholdings: @M1mpossibl @beastsaver @ourkidz3 @nadiaskin1 @mkaz9800 @musser_benson @mastersdrimist @CathyPe78176224 @BeyondTheBant‚Ä¶,2019-04-01 12:14:46,140,0.0,1.0,0.0,0.0
32,RT @adomantholdings: @M1mpossibl @beastsaver @ourkidz3 @nadiaskin1 @mkaz9800 @musser_benson @mastersdrimist @CathyPe78176224 @BeyondTheBant‚Ä¶,2019-04-01 12:14:21,140,0.0,1.0,0.0,0.0
33,@ShannonKetcher2 @adomantholdings @M1mpossibl @beastsaver @nadiaskin1 @mkaz9800 @musser_benson @mastersdrimist‚Ä¶ https://t.co/L1LFgKP2cP,2019-04-01 12:05:51,135,0.0,1.0,0.0,0.0
34,New @WellsFargo interim leader has strong #ColumbusGA connection https://t.co/fCMDc50ptH,2019-04-01 12:05:15,88,0.0,0.708,0.292,0.5106
35,RT @ourkidz3: @adomantholdings @M1mpossibl @beastsaver @nadiaskin1 @mkaz9800 @musser_benson @mastersdrimist @CathyPe78176224 @BeyondTheBant‚Ä¶,2019-04-01 11:58:14,140,0.0,1.0,0.0,0.0
36,@adomantholdings @M1mpossibl @beastsaver @nadiaskin1 @mkaz9800 @musser_benson @mastersdrimist @CathyPe78176224‚Ä¶ https://t.co/U3uCCqB9pL,2019-04-01 11:57:13,135,0.0,1.0,0.0,0.0
37,@adomantholdings @M1mpossibl @beastsaver @nadiaskin1 @mkaz9800 @musser_benson @mastersdrimist @CathyPe78176224‚Ä¶ https://t.co/oZsEyW6TJO,2019-04-01 11:48:15,135,0.0,1.0,0.0,0.0
38,"RT @michaelkingwf: Tim Sloan, @WellsFargo‚Äôs retiring CEO, is one of the kindest, most humble and thoughtful leaders I have ever had the ple‚Ä¶",2019-04-01 11:22:36,140,0.0,0.88,0.12,0.4336
39,@SenWarren @WellsFargo Truly laughable,2019-04-01 10:30:17,38,0.0,0.328,0.672,0.4767
40,@stiritup15 @ZagMBB @WellsFargo A 1 seed reaching the sweet 16 is not considered a success.,2019-04-01 10:12:47,91,0.178,0.536,0.286,0.2028
41,@SenWarren @WellsFargo Just like you!!!!,2019-04-01 10:12:35,40,0.0,0.522,0.478,0.5673
42,"RT @crypto_Turd: The common man is getting raked over the coals by the likes of @WellsFargo @jpmorgan @PeoplesUnited @Citi @Apple ...

 it‚Äô‚Ä¶",2019-04-01 10:03:05,140,0.0,0.882,0.118,0.4215
43,4.The @ImpactAssets DAF could also be the loan loss reserve if uwanted2stitch in a CD 2invest in the entrepreneurs‚Ä¶ https://t.co/ua1snROPzE,2019-04-01 10:02:39,139,0.113,0.887,0.0,-0.3182
44,@DeboraDeMAGA @beastsaver @JoAnnKennedyCAN @CathyPe78176224 @musser_benson @mkaz9800 @AJOKERONJACK @ForeclosureOz‚Ä¶ https://t.co/wzJVDO5tYL,2019-04-01 09:56:56,138,0.0,1.0,0.0,0.0
45,"RT @AllensOpEd: My elderly neighbor has been given until Monday to leave her home by @WellsFargo.

She's disabled, just beat cancer, &amp; has‚Ä¶",2019-04-01 09:44:05,143,0.211,0.789,0.0,-0.6808
46,@WellsFargo And 2 new accounts opened surreptitiously as you exit unsatisfied?...,2019-04-01 09:01:40,81,0.0,1.0,0.0,0.0
47,@prconversations @WellsFargo @PRDaily Thank you for sharing!,2019-04-01 08:37:11,60,0.0,0.472,0.528,0.68
48,"@SandraGannon8 @WellsFargo And credit unions that don‚Äôt prey on customers, fund Big Oil, or rainforest destruction.",2019-04-01 08:30:00,115,0.182,0.69,0.128,-0.2732
49,"RT @tomleykis: Hey @WellsFargo! Now that your CEO has resigned in disgrace, does this mean you'll stop stealing from your customers from no‚Ä¶",2019-04-01 08:18:02,140,0.375,0.625,0.0,-0.8858
50,RT @CathyPe78176224: @musser_benson @ShannonKetcher2 @tonimccrary @AJOKERONJACK @DeboraDeMAGA @beastsaver @FarndonDavid @handyman_neil @Don‚Ä¶,2019-04-01 07:55:36,140,0.0,1.0,0.0,0.0
51,"@rebsince71 @chumleydoogle @cspan @RepAOC @AOC @WellsFargo Maybe not held responsible for the leaks, but it begs th‚Ä¶ https://t.co/c1jDoOTN8B",2019-04-01 07:54:18,140,0.08,0.92,0.0,-0.1232
52,@musser_benson @RepMaxineWaters @CFPB @WellsFargo Maxine! Hmmm this shit was stared by someone white,2019-04-01 07:47:34,100,0.275,0.725,0.0,-0.6749
53,RT @WFB_Fraud: @ourkidz3 @adomantholdings @M1mpossibl @beastsaver @nadiaskin1 @mkaz9800 @musser_benson @mastersdrimist @CathyPe78176224 @Be‚Ä¶,2019-04-01 07:38:38,140,0.0,1.0,0.0,0.0
55,@WFB_Fraud @WellsFargo Oh good. Next time you get a human on the phone let them know they are laundering pot money‚Ä¶ https://t.co/1gsxgSrxDi,2019-04-01 06:16:05,139,0.0,0.873,0.127,0.4404
57,"Another SUCCESSFUL account  top up üçæüî•üí∞üíÉ

More accounts needed for Asap. 
DM for deals
#usaa @USAA  @WellsFargo‚Ä¶ https://t.co/hjk3HKdhra",2019-04-01 05:03:28,135,0.0,0.716,0.284,0.7456
58,@ZagMBB @WellsFargo Awesome season guys. Hold your heads high.,2019-04-01 04:37:49,62,0.0,0.661,0.339,0.6249
59,This is totally unacceptable! @realDonaldTrump @DonaldJTrumpJr @RealJamesWoods @GalacticRedPill @drawandstrike‚Ä¶ https://t.co/RX9H5qMtPn,2019-04-01 04:21:19,135,0.285,0.715,0.0,-0.5551
61,@grandmastreamz @BlindRefs @ZagMBB @WellsFargo Gonzaga made the final four for the first time in 2017.  Last five y‚Ä¶ https://t.co/bx6mFA0jZ7,2019-04-01 03:51:33,140,0.0,1.0,0.0,0.0
62,@grandmastreamz @BlindRefs @ZagMBB @WellsFargo UNC lost in S16 ü§∑üèª‚Äç‚ôÇÔ∏è,2019-04-01 03:39:39,68,0.161,0.839,0.0,-0.3182
63,@grandmastreamz @BlindRefs @ZagMBB @WellsFargo Duke lost too ü§∑üèª‚Äç‚ôÇÔ∏è,2019-04-01 03:39:16,66,0.173,0.827,0.0,-0.3182
64,@GSNCHX @WellsFargo #Wellsfargo $WFC Used #DeathThreats in #Illegal #Foreclosure on this #Disabled #Veterans #Fully‚Ä¶ https://t.co/J1r3v0QC3T,2019-04-01 03:38:18,140,0.0,1.0,0.0,0.0
65,RT @SenWarren: I kept pushing the Fed to maintain the growth cap on @WellsFargo until Tim Sloan was gone. @SenSherrodBrown and I told the @‚Ä¶,2019-04-01 03:29:14,140,0.0,0.894,0.106,0.3818
66,@SenWarren @WellsFargo You were suppose to fix the Government üòÇü§£ üòÇü§£ üòÇ,2019-04-01 03:26:55,69,0.096,0.711,0.193,0.4404
67,@SenWarren @WellsFargo Oh lying like all you Politicans ü§îü§îü§îü§î  Cut me a break.....,2019-04-01 03:26:27,81,0.324,0.529,0.147,-0.4588
68,"RT @lhbenoliel: Congrats to all the @WellsFargo Philadelphia CLIP grantees. What a talented, committed group of leaders! We @EntreprenWorks‚Ä¶",2019-04-01 03:25:10,140,0.0,0.623,0.377,0.8439
69,@BlindRefs @ZagMBB @WellsFargo Final Four is over the hump for most programs.  Most have never been.,2019-04-01 03:22:04,100,0.0,1.0,0.0,0.0
70,"@grandmastreamz @BlindRefs @ZagMBB @WellsFargo I'll repeat for you:  5 S16, 3 Elite 8 and championship runners up i‚Ä¶ https://t.co/67hZKMEXCM",2019-04-01 03:21:32,140,0.0,0.838,0.162,0.4404
71,"@JoeBucki18 @ZagMBB @WellsFargo If you knew the history of Gonzaga and where it came from, you'd understand why jus‚Ä¶ https://t.co/rHoAE2mbTP",2019-04-01 03:19:31,140,0.0,1.0,0.0,0.0
72,"The reason @WellsFargo never admits to any wrongdoing every time they pay a fine, is so their next crime, is like t‚Ä¶ https://t.co/CWjM122LYI",2019-04-01 03:10:46,140,0.249,0.6,0.152,-0.4121
74,@WFB_Fraud @ourkidz3 @adomantholdings @M1mpossibl @beastsaver @mkaz9800 @musser_benson @mastersdrimist‚Ä¶ https://t.co/Jw3m3RioDG,2019-04-01 03:05:25,127,0.0,1.0,0.0,0.0
75,RT @ForBetterBanks: The board at @WellsFargo has elected announced C. Allen Parker as the interim CEO. The board's chairwoman said ‚Äúthe boa‚Ä¶,2019-04-01 03:02:13,140,0.0,1.0,0.0,0.0
76,@adomantholdings @M1mpossibl @beastsaver @ourkidz3 @nadiaskin1 @mkaz9800 @musser_benson @mastersdrimist‚Ä¶ https://t.co/yBfxRfvrGp,2019-04-01 02:59:26,128,0.0,1.0,0.0,0.0
77,@ourkidz3 @adomantholdings @M1mpossibl @beastsaver @nadiaskin1 @mkaz9800 @musser_benson @mastersdrimist‚Ä¶ https://t.co/AHxf7i8MkZ,2019-04-01 02:56:24,128,0.0,1.0,0.0,0.0
78,RT @MadGrad_Deals: Time to switch banks? Goodbye @WellsFargo!  Want to get 2%+ interest on your savings? Upgrade to @CapitalOne and get up‚Ä¶,2019-04-01 02:42:35,139,0.0,0.802,0.198,0.6062
79,RT @SenWarren: I kept pushing the Fed to maintain the growth cap on @WellsFargo until Tim Sloan was gone. @SenSherrodBrown and I told the @‚Ä¶,2019-04-01 02:40:17,140,0.0,0.894,0.106,0.3818
80,RT @SenWarren: Tim Sloan was part of @WellsFargo‚Äôs senior leadership during the fake accounts scam ‚Äì which he got rich off of and tried to‚Ä¶,2019-04-01 02:40:13,139,0.217,0.669,0.115,-0.4939
81,RT @StevenBirnbaum: This year's @MLSWORKS @Wellsfargo #CommunityMVP Grand Prize Winner will win $25K! Support Amir Lowery &amp; vote today: htt‚Ä¶,2019-04-01 02:40:02,144,0.083,0.416,0.501,0.9336
82,RT @StevenBirnbaum: Support the legend himself Amir Lowery &amp; vote today! Vote for him as the @MLSWORKS @WellsFargo #CommunityMVP Grand Priz‚Ä¶,2019-04-01 02:39:56,144,0.105,0.672,0.224,0.4926
83,RT @ourkidz3: @adomantholdings @M1mpossibl @beastsaver @nadiaskin1 @mkaz9800 @musser_benson @mastersdrimist @CathyPe78176224 @BeyondTheBant‚Ä¶,2019-04-01 02:35:03,140,0.0,1.0,0.0,0.0
84,"RT @SenWarren: Tim Sloan was supposed to fix @WellsFargo‚Äôs problems. But how could he, when he‚Äôd been the former CEO John Stump‚Äôs right-han‚Ä¶",2019-04-01 02:34:23,140,0.078,0.922,0.0,-0.2144
85,"RT @SenWarren: But @WellsFargo kept getting caught cheating ‚Äì on mortgages, car loans, money laundering, and loans to service-members (just‚Ä¶",2019-04-01 02:34:04,140,0.214,0.786,0.0,-0.7096
86,"RT @StVrainHabitat: Thanks to @WellsFargo Pride of The Glens Coalition, staff, and volunteers, @StVrainHabitat helped organize a park lands‚Ä¶",2019-04-01 02:17:15,140,0.0,0.751,0.249,0.6486
90,RT @CathyPe78176224: @adomantholdings @M1mpossibl @beastsaver @ourkidz3 @nadiaskin1 @mkaz9800 @musser_benson @mastersdrimist @BeyondTheBant‚Ä¶,2019-04-01 02:11:53,140,0.0,1.0,0.0,0.0
0,RT @Get_Chip: Weigh down your spending. #FollowMyLead https://t.co/ZMnBcRylYf @Apple @RevolutApp,2019-04-01 13:11:53,96,0.0,1.0,0.0,0.0
2,RT @freiberg_max: @Apple make a debit card for us college kids who like the concept but don‚Äôt want a credit score of 400,2019-04-01 13:11:52,120,0.0,0.732,0.268,0.6808
3,Dear @tim_cook @apple can we please have more dynamic wallpapers! Regular wallpapers are boring! Thanks!,2019-04-01 13:11:38,104,0.096,0.419,0.485,0.8507
4,"Happy Birthday to @PASenateGOP member @SenatorDiSanto! We hope you enjoy the best year yet. #HappyBirthday

Did you‚Ä¶ https://t.co/aKErfIW5SX",2019-04-01 13:11:28,140,0.0,0.495,0.505,0.9359
5,"RT @Apple: Titanium, laser-etched, no numbers, and no fees. A new kind of credit card. Coming this summer.",2019-04-01 13:11:23,106,0.212,0.676,0.111,-0.2716
7,RT @Apple: Turn off your notifications when you‚Äôre behind the wheel. Do Not Disturb While Driving. That‚Äôs iPhone.,2019-04-01 13:10:50,113,0.0,0.883,0.117,0.3089
8,"Whenever I take videos of my dog or watch someone else‚Äôs pet videos I have to ask, why hasn‚Äôt @Apple perfected AI n‚Ä¶ https://t.co/bQJh4Ntc6n",2019-04-01 13:10:47,140,0.0,0.85,0.15,0.5719
9,@Apple can y‚Äôall pls make some sort of ‚Äúclear all‚Äù button? I‚Äôm the worst at closing my apps :( https://t.co/baKBS1VEim,2019-04-01 13:10:47,118,0.277,0.672,0.051,-0.7717
10,"Apple did me over on April fools by sending me a pink watch, nice one @Apple xxx",2019-04-01 13:10:26,80,0.16,0.7,0.14,-0.1027
11,#Auburn University looking to add @Apple to list of its co-op opportunities for students -  https://t.co/vL8x0FiZcJ #MetroCOLA #highered,2019-04-01 13:10:18,136,0.0,0.86,0.14,0.3818
13,RT @Apple: Let your phone do the reading for you. Speak Screen. That‚Äôs iPhone.,2019-04-01 13:09:41,78,0.0,1.0,0.0,0.0
14,has anyone had @Apple plug in headphones electrocute their ears while wearing? Happened to me this morning. Had to‚Ä¶ https://t.co/VezplpqJhM,2019-04-01 13:09:14,139,0.0,1.0,0.0,0.0
15,"RT @Apple: Titanium, laser-etched, no numbers, and no fees. A new kind of credit card. Coming this summer.",2019-04-01 13:08:56,106,0.212,0.676,0.111,-0.2716
16,"Happy birthday, @Apple! Apple Computer Co. was formed #OTD in 1976 by Steve Jobs and Steve Wozniak. #NotAprilFools #Innovation #JustFun",2019-04-01 13:08:48,135,0.0,0.826,0.174,0.6114
18,RT @Apple: Apple TV+. A new home for the world‚Äôs most creative storytellers.,2019-04-01 13:08:30,76,0.0,0.775,0.225,0.4927
19,"RT @ValaAfshar: April 1, 1976 (43 years ago today):

@Apple Computer is formed on April 1, 1976. It may have been April Fools' Day, but Ste‚Ä¶",2019-04-01 13:08:03,140,0.077,0.923,0.0,-0.2732
20,"RT @iddris_sandu: Excited to announce that i'll be teaching a class on design for the largest company in the world. üçè
@Apple

This is black‚Ä¶",2019-04-01 13:07:18,140,0.0,0.909,0.091,0.34
21,@MadrasiBattery @Apple TrueüòÇüòÇ,2019-04-01 13:07:12,29,0.0,1.0,0.0,0.0
22,"@apple @pschiller Now that some resources have cleared up (AirPower), why don‚Äôt you devote some to making Apple cas‚Ä¶ https://t.co/UT7Kofe6jV",2019-04-01 13:06:53,140,0.0,0.826,0.174,0.4215
23,"Hey @Skype any word on being able to get Skype notifications, messages and or calls on the @Apple Watch again?‚Ä¶ https://t.co/8AWbUCXY3s",2019-04-01 13:06:51,135,0.0,1.0,0.0,0.0
24,@Apple Not true. Apple lets the US government to spy on its citizens.,2019-04-01 13:06:31,69,0.163,0.837,0.0,-0.3252
25,@julietibrahim Lets raise support for #JulieTibrahim @Emmizunik88 @HSBC @OghenetegaEmma2 @Apple @realDonaldTrump‚Ä¶ https://t.co/BEr4q1L75k,2019-04-01 13:06:09,137,0.0,0.803,0.197,0.4019
26,"I‚Äôm ready to be able to change the background of my texts now.... @Apple Android been able to do that, it‚Äôs one of‚Ä¶ https://t.co/2dJpIGWpoQ",2019-04-01 13:06:00,139,0.0,0.902,0.098,0.3612
27,@Oprah @tim_cook @Apple I'm so glad I have a android...dont want NOTHING to do with you. You evil individual @Oprah,2019-04-01 13:05:57,115,0.179,0.611,0.21,-0.0602
29,@Apple u shouldn‚Äôt be able to end a ft call by pressing the power button. i hung up on accident too much,2019-04-01 13:05:51,104,0.147,0.853,0.0,-0.4767
31,Fun piece of @Apple history! Happy birthday Apple! üçé #tech #applenews https://t.co/SCCGkqjmFB,2019-04-01 13:05:07,93,0.0,0.592,0.408,0.8217
32,@Martinwife2017 iPhone X @Apple ! Some natural light &amp; portait mode does wondersüôå also some editing help from @Photoshop &amp; @Lightroom,2019-04-01 13:05:03,141,0.0,0.756,0.244,0.6696
33,"Get on it, @Apple! https://t.co/rTLgu5ggTS",2019-04-01 13:05:02,42,0.0,1.0,0.0,0.0
35,"Happy 43rd Birthday @Apple, üéÇ (founded April 1st, 1976 by Steve Jobs and Steve Wozniak) #Apple https://t.co/XXfPtFrSqV",2019-04-01 13:04:37,118,0.0,0.821,0.179,0.5719
36,@Apple @tim_cook hi apple notice me please i took this using iphone 6 #shotoniphone,2019-04-01 13:04:25,83,0.0,0.827,0.173,0.3182
37,"RT @TriviaPower: Madagascar is the world‚Äôs 4th largest island!
@USMadagascar @wwf_mada @CINU261 @IQjackpot @hqtrivia @JustTheFactoids @Uber‚Ä¶",2019-04-01 13:03:47,140,0.0,1.0,0.0,0.0
38,@thekaelynn @Apple i b walkin on the treadmill ü§∑‚Äç‚ôÇÔ∏èü§∑‚Äç‚ôÇÔ∏èü§∑‚Äç‚ôÇÔ∏è,2019-04-01 13:03:31,59,0.0,1.0,0.0,0.0
39,"RT @GadgetsBoy: Hoping @Apple bundle some of the services. Gaming, Music, TV/Movies. I'm already subscribed to Netflix, Prime and Spotify,‚Ä¶",2019-04-01 13:03:12,139,0.0,0.872,0.128,0.4215
41,@Apple Do you realize what type of evil that you aligned yourself with by having Oprah? #muteoprah #cancelopra‚Ä¶ https://t.co/2sygnXyOeA,2019-04-01 13:02:52,135,0.196,0.804,0.0,-0.6597
42,"RT @ValaAfshar: April 1, 1976 (43 years ago today):

@Apple Computer is formed on April 1, 1976. It may have been April Fools' Day, but Ste‚Ä¶",2019-04-01 13:02:23,140,0.077,0.923,0.0,-0.2732
44,Anybody else experiencing that their #iPhoneX can do about anything BUT allow you to talk to someone? @Apple insist‚Ä¶ https://t.co/OxgXZEdAOF,2019-04-01 13:02:14,140,0.0,0.89,0.11,0.3291
45,"I really respect this company. 
@Apple",2019-04-01 13:02:09,38,0.0,0.541,0.459,0.5256
46,Hello @tim_cook can you please stop selling me broken accessories @AppleSupport @Apple,2019-04-01 13:01:56,86,0.319,0.542,0.139,-0.4588
47,@flywithsid @Apple Thanks for the link. I will see.,2019-04-01 13:01:45,51,0.0,0.707,0.293,0.4404
48,"RT @BoredElonMusk: Hey @Apple, getting to Mars is a lot easier by rocket versus building a pile of cash that reaches that far. #Protip",2019-04-01 13:01:34,134,0.0,0.833,0.167,0.4588
49,Projecting April 7th for @SpaceX second launch of the #FalconHeavy. This will be the first launch since @Apple anno‚Ä¶ https://t.co/dgbx0Q6nSE,2019-04-01 13:01:30,140,0.0,1.0,0.0,0.0
50,"Note to future self: it‚Äôs the @Apple macOS Preview app that lets you add text, shapes and lines to PDFs. No need to‚Ä¶ https://t.co/F6kPMWdHjA",2019-04-01 13:01:13,140,0.087,0.913,0.0,-0.296
51,@rathibr @Apple Did you check out this? https://t.co/FccRrxB3MB,2019-04-01 13:01:01,63,0.0,1.0,0.0,0.0
52,RT @Apple: Survive the accidental spill on your phone. Water Resistance. That‚Äôs iPhone.,2019-04-01 13:00:57,87,0.098,0.902,0.0,-0.0772
54,RT @Apple: Turn off your notifications when you‚Äôre behind the wheel. Do Not Disturb While Driving. That‚Äôs iPhone.,2019-04-01 13:00:54,113,0.0,0.883,0.117,0.3089
56,RT @Apple: Pick the best shot from within a moving photo. Live Photos. That‚Äôs iPhone.,2019-04-01 13:00:29,85,0.0,0.756,0.244,0.6369
57,@aspathak22 @Apple I'm enjoying the fact that next millennials would have no idea what AirPower is. But we will :),2019-04-01 13:00:12,114,0.065,0.685,0.25,0.6808
58,"RT @Apple: Titanium, laser-etched, no numbers, and no fees. A new kind of credit card. Coming this summer.",2019-04-01 12:59:57,106,0.212,0.676,0.111,-0.2716
59,"RT @AnnaKennedy1: World Autism Awareness Week 1-7 April 2019 https://t.co/2XMPVLawNz
#autism #charity @apple #coventgarden #autismawareness‚Ä¶",2019-04-01 12:59:54,140,0.0,1.0,0.0,0.0
60,@ElieFinegold @Apple @MetaPropNYC Both üòâ,2019-04-01 12:59:41,40,0.0,1.0,0.0,0.0
61,"RT @Oprah: I‚Äôm partnering with @tim_cook and @Apple to leave this world a little bit smarter, kinder, and better than we found it. Apple TV‚Ä¶",2019-04-01 12:59:36,140,0.04,0.672,0.288,0.8104
63,RT @Oprah: Who knew the elevator was going to spin? Only at @apple! https://t.co/aIV76v5nRm,2019-04-01 12:59:27,91,0.0,1.0,0.0,0.0
64,RT @Apple: Pick the best shot from within a moving photo. Live Photos. That‚Äôs iPhone.,2019-04-01 12:59:08,85,0.0,0.756,0.244,0.6369
65,@Apple Apple is good until Tim Cook decided to screw everything.,2019-04-01 12:59:06,64,0.105,0.677,0.218,0.3612
67,"RT @AnnaKennedy1: World Autism Awareness Week 1-7 April 2019 https://t.co/2XMPVLawNz
#autism #charity @apple #coventgarden #autismawareness‚Ä¶",2019-04-01 12:58:51,140,0.0,1.0,0.0,0.0
68,"@Apple This is a MasterCard. Traditionally high (usery levels) interest rates. Also, limited to establishments that accept MC",2019-04-01 12:58:50,125,0.088,0.651,0.26,0.5719
69,"Latest rating of 1,000+ US employers on equitable benefits, non-discrim practices, inclusive culture re: #LGBTQ wor‚Ä¶ https://t.co/yfV4bSQRzB",2019-04-01 12:58:47,140,0.0,0.86,0.14,0.3818
70,"RT @Apple: Titanium, laser-etched, no numbers, and no fees. A new kind of credit card. Coming this summer.",2019-04-01 12:58:33,106,0.212,0.676,0.111,-0.2716
71,"@Apple IPHONE FULLY SHOT STLISH SHORT FILM 
https://t.co/k4mIebaL5g",2019-04-01 12:57:39,67,0.0,1.0,0.0,0.0
73,@Apple It‚Äôs only longer because your updates killed the batteries on the iPhone 6s.,2019-04-01 12:57:32,83,0.257,0.743,0.0,-0.6705
74,RT @Apple: Turn off your notifications when you‚Äôre behind the wheel. Do Not Disturb While Driving. That‚Äôs iPhone.,2019-04-01 12:57:31,113,0.0,0.883,0.117,0.3089
75,RT @Apple: Easily log into apps by using your face as your password. Face ID. That‚Äôs iPhone.,2019-04-01 12:56:25,92,0.0,0.87,0.13,0.34
76,@SimoneMSamuels @iTunes @tim_cook So strange. I contatcted @Apple  but they just told me to update to the newest it‚Ä¶ https://t.co/Gc2R9k5dDS,2019-04-01 12:56:16,140,0.086,0.914,0.0,-0.1737
78,RT @Apple: Survive the accidental spill on your phone. Water Resistance. That‚Äôs iPhone.,2019-04-01 12:55:56,87,0.098,0.902,0.0,-0.0772
79,I second this motion @instagram @Apple https://t.co/gI2UCxOKEu,2019-04-01 12:55:49,62,0.0,1.0,0.0,0.0
80,"So, a few weeks ago @Apple changed the female Australian voice on #HomePod, and it‚Äôs TERRIBLE.",2019-04-01 12:55:18,94,0.215,0.785,0.0,-0.5904
81,"Overheard: there are ~220 #VC backed IPOs in the queue for 2019, 10x the usual number, w/collective equity value ap‚Ä¶ https://t.co/X3BgFdL3qc",2019-04-01 12:55:11,140,0.0,0.789,0.211,0.4215
82,"@Apple Never owned an Apple product, never will.",2019-04-01 12:55:07,48,0.0,1.0,0.0,0.0
84,"Thank you @Apple for fixing my phone, @JoMaloneLondon for bringing out the most beautiful scent that I just HAD to‚Ä¶ https://t.co/7lCkTa6VSI",2019-04-01 12:54:53,139,0.0,0.729,0.271,0.7713
85,I need an eyeball emoji that looks the other way üëÄ @Apple,2019-04-01 12:54:52,57,0.0,1.0,0.0,0.0
86,Yes its better than @Apple airpods https://t.co/fW3kohbErw,2019-04-01 12:54:41,58,0.0,0.472,0.528,0.6808
87,"One code to rule them all, #visa and #mastercard face off for next generation consumer payments. Personally I think‚Ä¶ https://t.co/7FMUzFL8jq",2019-04-01 12:54:32,140,0.0,1.0,0.0,0.0
88,"RT @TheAGamePodcast: You'd be foolish to miss the latest A-Game podcast! After their big announcement last week, @Apple is forging their wa‚Ä¶",2019-04-01 12:54:21,140,0.166,0.834,0.0,-0.4574
89,No guys!!! If there is ANYTHING that will make me rethink my relationship with @Apple it‚Äôs their USELESS chargers. ü§¨ü§¨ü§¨ ü§¨,2019-04-01 12:54:12,120,0.223,0.777,0.0,-0.7656
90,RT @Apple: Pick the best shot from within a moving photo. Live Photos. That‚Äôs iPhone.,2019-04-01 12:54:09,85,0.0,0.756,0.244,0.6369
91,"RT @EricStoller: How long before universities start using @Apple Business Chat as another student recruitment channel? Business tech today,‚Ä¶",2019-04-01 12:54:05,140,0.0,1.0,0.0,0.0
93,RT @ICT_Works: Breaking News: @USAID Launches $4.1 Million Artificial Intelligence Initiative w/ @Google @Apple @amazon https://t.co/Z5zKhS‚Ä¶,2019-04-01 12:53:50,140,0.0,0.829,0.171,0.4767
94,"Nice, @Apple told me a new song was available on an album I had preordered - and then charged me for it, without purchase confirmation!",2019-04-01 12:53:02,135,0.072,0.803,0.124,0.3164
95,"@Apple @tim_cook Wow such impressive camera &amp; easy to use, just works, #iPhone XS https://t.co/sNfQNjab87",2019-04-01 12:53:00,109,0.0,0.545,0.455,0.875
96,About time @SamsungMobile release android pie for the s8. I hope you keep older phones supported like @Apple. Only downside to android,2019-04-01 12:52:31,134,0.075,0.637,0.288,0.6908
97,"RT @telecoms: The @telecoms podcast returns this week with @Apple , @Huawei and Europe! Watch or listen to the full episode here: https://t‚Ä¶",2019-04-01 12:52:21,140,0.0,1.0,0.0,0.0
0,@megangale @28delayslater @Tesla @elonmusk Looks like he might have hit 30 or even 35 mph...wow,2019-04-01 13:11:29,95,0.0,0.848,0.152,0.3612
1,"@TeslaOpinion @iliketeslas @elonmusk Its true..
Its because of @elonmusk 's publicity stunts and his out of the wor‚Ä¶ https://t.co/IXVlYzeWwi",2019-04-01 13:11:20,140,0.0,1.0,0.0,0.0
2,RT @Elbilforeningen: For the first time in history more than half of the passenger car market in Norway was fully electric. Much due to ast‚Ä¶,2019-04-01 13:10:32,140,0.0,1.0,0.0,0.0
3,RT @johnabella: My @Tesla Model 3 was making noise tonight after a road trip. Pulled the frunk out... and found a ramen brick in the fan??‚Ä¶,2019-04-01 13:10:07,139,0.0,1.0,0.0,0.0
4,@prestonjbyrne Ever heard of the name @Boeing and #737m–∞—Ö ?  You should stop flying then @Tesla @elonmusk @TeslaClubNJ,2019-04-01 13:09:49,118,0.121,0.879,0.0,-0.296
5,"@jgrano305 @Tesla @NissanElectric It's pretty common between motorbikers, I should think EV drivers will likewise show fraternity.",2019-04-01 13:08:58,130,0.0,0.824,0.176,0.4939
7,RT @Elbilforeningen: For the first time in history more than half of the passenger car market in Norway was fully electric. Much due to ast‚Ä¶,2019-04-01 13:08:20,140,0.0,1.0,0.0,0.0
8,@GaragedoorsGman @jfosback @InsideEVs @Tesla people don't get that. Tesla doesn't operate with paralysis by analysi‚Ä¶ https://t.co/dP0jZBwzQm,2019-04-01 13:08:04,140,0.0,1.0,0.0,0.0
11,For the first time in history more than half of the passenger car market in Norway was fully electric. Much due to‚Ä¶ https://t.co/1W5hoTMNlS,2019-04-01 13:07:12,139,0.0,1.0,0.0,0.0
12,Good morning @Tesla . Just wanna say I love you,2019-04-01 13:06:46,47,0.0,0.458,0.542,0.7964
14,@julietibrahim Lets raise support for #JulieTibrahim @Emmizunik88 @HSBC @OghenetegaEmma2 @Apple @realDonaldTrump‚Ä¶ https://t.co/BEr4q1L75k,2019-04-01 13:06:09,137,0.0,0.803,0.197,0.4019
16,"RT @Ruwanpdx: First road trip in the model 3! Down the coast from Portland to Big Sur with some adventures in between. Over 2000 miles, no‚Ä¶",2019-04-01 13:05:34,139,0.0,0.903,0.097,0.4003
17,@CNBC The only car I‚Äôm buying is @Tesla and the only car I will pay full sticker price for is Tesla #Model3 . Tax rebate or no Tax rebate.,2019-04-01 13:04:34,138,0.126,0.874,0.0,-0.3818
18,@zollotech @bcartwright86 @Tesla Imagine fans of electric cars changing them like phones every couple years.,2019-04-01 13:04:30,108,0.0,0.848,0.152,0.3612
19,RT @elonmusk: @jeffmjenkins @Hughes_Zoo @Tesla Surprisingly difficult to address false positives with rain. System would go nuts trying to‚Ä¶,2019-04-01 13:04:28,139,0.189,0.591,0.22,0.2023
20,@zollotech @mswsquad @Tesla Any car will last a very long time as long as it‚Äôs well looked after,2019-04-01 13:03:59,96,0.0,0.884,0.116,0.2732
22,@RenatoD14713839 @sascha_p @auto_schmidt @franz_rother @Tesla @ElectrekCo @BertelSchmitt @Tweetermeyer @CGrantWSJ N‚Ä¶ https://t.co/ugFVw687O1,2019-04-01 13:03:25,140,0.0,1.0,0.0,0.0
23,"@Tesla 
""Tesla boom lifts Norway's electric car sales to 58 percent market share"" - https://t.co/OJSsFg1ugi",2019-04-01 13:03:24,107,0.0,0.855,0.145,0.296
24,"@bcartwright86 @mswsquad @Tesla Well, your statement wasn‚Äôt wrong",2019-04-01 13:02:47,65,0.277,0.536,0.188,-0.25
25,RT @elonmusk: @jeffmjenkins @Hughes_Zoo @Tesla Surprisingly difficult to address false positives with rain. System would go nuts trying to‚Ä¶,2019-04-01 13:02:07,139,0.189,0.591,0.22,0.2023
26,RT @TeslaOwnersTwn: Test ride weekend! @TeslaOwnersTwn this weekend provided free test rides to a group of 270+ BMW owners. They were thoro‚Ä¶,2019-04-01 13:02:00,140,0.0,0.848,0.152,0.5562
28,@zollotech @mswsquad @Tesla I was literally joking üôÉ I can see this has gone way too far,2019-04-01 13:01:57,88,0.0,0.888,0.112,0.2263
30,@JPUConn @elonmusk @Tesla Thanks for sharing. How does thing work? Used it??,2019-04-01 13:01:20,76,0.0,0.616,0.384,0.7383
31,RT @NickiThiim: This will be the livery for my last EVER @FIAWEC race. Greatful for the good times at @AMR_Official ! Thank you @elonmusk f‚Ä¶,2019-04-01 13:01:11,140,0.0,0.794,0.206,0.69
32,@mswsquad @bcartwright86 @Tesla But that doesn‚Äôt matter too much to me as I tend to get rid of cars every few years‚Ä¶ https://t.co/6CUTv6E83G,2019-04-01 13:00:52,140,0.0,0.948,0.052,0.0387
34,@NeilRey20778868 @vincent13031925 @elonmusk @Tesla Look at your calendar,2019-04-01 13:00:12,72,0.0,1.0,0.0,0.0
36,RT @TeslaOwnersTwn: Test ride weekend! @TeslaOwnersTwn this weekend provided free test rides to a group of 270+ BMW owners. They were thoro‚Ä¶,2019-04-01 12:59:54,140,0.0,0.848,0.152,0.5562
37,@trini0t3y @Tesla @elonmusk Exactly!,2019-04-01 12:59:38,36,0.0,1.0,0.0,0.0
39,RT @uday_birje: üáÆüá≥üá∫üá∏When PM @narendramodi Visited @Tesla Manufacturing Facility In California. Hosted by the CEO @elonmusk himself. 2019-20‚Ä¶,2019-04-01 12:59:13,140,0.0,1.0,0.0,0.0
40,"@ShaunTaylorDC @johnabella @Tesla If u r happy with ur car then I am happy for u üëçüèªüëçüèªüëçüèª speaking of maintenance, it‚Ä¶ https://t.co/ZjGeoRw6Ey",2019-04-01 12:58:54,140,0.0,0.684,0.316,0.8126
41,"Latest rating of 1,000+ US employers on equitable benefits, non-discrim practices, inclusive culture re: #LGBTQ wor‚Ä¶ https://t.co/yfV4bSQRzB",2019-04-01 12:58:47,140,0.0,0.86,0.14,0.3818
42,@stang2k @auto_schmidt @franz_rother @Tesla @ElectrekCo @BertelSchmitt @Tweetermeyer @CGrantWSJ @BAFA_Bund New Germ‚Ä¶ https://t.co/eCaVfHKtzP,2019-04-01 12:58:37,140,0.0,1.0,0.0,0.0
43,RT @whatsinside: Bought a time machine off EBay. Can now confirm when @Tesla is coming out with next gen roadster. You may not like the ans‚Ä¶,2019-04-01 12:58:16,140,0.081,0.919,0.0,-0.2755
44,@bcartwright86 @zollotech @Tesla Exactly ü§î,2019-04-01 12:58:11,42,0.0,1.0,0.0,0.0
45,Who would you like to give a @Tesla car gift ? : @elonmusk üòç,2019-04-01 12:57:34,60,0.0,0.567,0.433,0.8126
46,@williamfong206 @Tesla It's not new even if its been used as a loaner/test drive vehicle + managed to rack up nearl‚Ä¶ https://t.co/jMscJ1gtOb,2019-04-01 12:57:26,140,0.0,1.0,0.0,0.0
47,"@RayDetroit @Tesla @StatsTeslaApp Hard to argue with this, they do look very sleek! Summer will come soon https://t.co/lNUEuERnNm",2019-04-01 12:57:14,129,0.204,0.796,0.0,-0.4753
48,"@tesla How can I get in the car &amp; drive come back without a key being with me? I am astonished that after 6 months, this happened.",2019-04-01 12:57:10,134,0.0,0.894,0.106,0.3818
49,"RT @Erdayastronaut: I drove 4,500 miles in 10 days in my @Tesla #model3. I can‚Äôt tell you how relaxing and easy it is with autopilot and Te‚Ä¶",2019-04-01 12:56:47,140,0.0,0.79,0.21,0.7269
50,"@tesla As soon as I stated driving something didn‚Äôt feel right.  Finished shopping. Car was behaving unusual.

Came‚Ä¶ https://t.co/o9tYhFgsVc",2019-04-01 12:56:37,140,0.0,1.0,0.0,0.0
51,"@Tesla: Love my X. But, How could this even happen!!!!???

received v8.3 update 2 days ago with Sentry mode. Yester‚Ä¶ https://t.co/AkwjMktB17",2019-04-01 12:56:27,140,0.0,0.815,0.185,0.6495
52,@sascha_p @auto_schmidt @stang2k @franz_rother @Edison_Media @Tesla @ElectriveNet @ElectrekCo @BertelSchmitt‚Ä¶ https://t.co/aJpXepPDER,2019-04-01 12:55:41,133,0.0,1.0,0.0,0.0
53,"@auto_schmidt @RenatoD14713839 @franz_rother @Tesla @ElectrekCo @BertelSchmitt @Tweetermeyer @CGrantWSJ @BAFA_Bund Okay, then we got it. :)",2019-04-01 12:55:33,139,0.0,0.726,0.274,0.5994
54,@Tesla @elonmusk @MinimalDuck Lannister.,2019-04-01 12:55:26,40,0.0,1.0,0.0,0.0
55,"RT @phibetakitten: BREAKING: In a desperate and transparent attempt to mask anemic sales and plummeting demand, @Tesla  has hired crisis ac‚Ä¶",2019-04-01 12:55:15,140,0.317,0.683,0.0,-0.7845
56,"RT @Ruwanpdx: First road trip in the model 3! Down the coast from Portland to Big Sur with some adventures in between. Over 2000 miles, no‚Ä¶",2019-04-01 12:54:57,139,0.0,0.903,0.097,0.4003
57,"@TeslaOwnersTwn @Tesla @elonmusk Smart, everyone knows that once you sit behind the wheel of a Tesla that you will‚Ä¶ https://t.co/8KJhwsshJh",2019-04-01 12:54:54,139,0.0,0.87,0.13,0.4019
58,RT @whatsinside: Bought a time machine off EBay. Can now confirm when @Tesla is coming out with next gen roadster. You may not like the ans‚Ä¶,2019-04-01 12:54:54,140,0.081,0.919,0.0,-0.2755
59,@dealer_of_happy @Tesla @StatsTeslaApp Well I just found out that the @statsTeslaApp is only available for IOS so I‚Ä¶ https://t.co/dGk4H8xmMK,2019-04-01 12:54:48,140,0.0,0.89,0.11,0.2732
60,"RT @ashk4n: Woah.

Researchers successfully trick @Tesla autopilot into driving into opposing traffic via ‚Äúsmall stickers as interference p‚Ä¶",2019-04-01 12:54:42,140,0.056,0.794,0.15,0.4588
61,@elonmusk @TesLatino @mcjamez @TeslaAnswers @flcnhvy @Erdayastronaut @DiscoverMag @Tesla But bass is timid in Space‚Ä¶ https://t.co/suQ4CRSFel,2019-04-01 12:54:16,140,0.152,0.848,0.0,-0.3612
62,@mikehen08 @EnStockResearch @mrcanada11 @jeffmjenkins @CrenimNCC @elonmusk @Tesla Right. Or Sam‚Äôs Club.,2019-04-01 12:54:05,103,0.0,1.0,0.0,0.0
63,@redmor11 @jeffmjenkins @AriHD_ @elonmusk @Tesla Well u can make simple Things complicated for no Reason.,2019-04-01 12:53:51,105,0.135,0.736,0.129,-0.0258
64,"RT @Tesla: We activated our first Superchargers 6 years ago. Today, we have more than 12,000 of them at 1,400 sites around the world. üì∏ @Mi‚Ä¶",2019-04-01 12:53:37,140,0.0,1.0,0.0,0.0
66,@tesla @elonmusk You know what would be a great April Fools joke? Shipping me a Model X. Haha that'd be funny right?,2019-04-01 12:53:01,116,0.104,0.488,0.408,0.8541
67,"RT @Erdayastronaut: I drove 4,500 miles in 10 days in my @Tesla #model3. I can‚Äôt tell you how relaxing and easy it is with autopilot and Te‚Ä¶",2019-04-01 12:52:54,140,0.0,0.79,0.21,0.7269
68,"@RayDetroit @Tesla @StatsTeslaApp Driving in your conditions, I think you will benefit a lot from this app.

Tires‚Ä¶ https://t.co/m0Z8w9rEvI",2019-04-01 12:52:25,139,0.0,0.842,0.158,0.4588
70,@miantosca4 @AnthroPunk @JoelVanderWerf @ashk4n @Tesla @ryanaraine @keen_lab We are going to have to go full on to‚Ä¶ https://t.co/X6A02yaEzn,2019-04-01 12:51:47,139,0.0,1.0,0.0,0.0
71,RT @whatsinside: Bought a time machine off EBay. Can now confirm when @Tesla is coming out with next gen roadster. You may not like the ans‚Ä¶,2019-04-01 12:51:37,140,0.081,0.919,0.0,-0.2755
72,"RT @Ruwanpdx: First road trip in the model 3! Down the coast from Portland to Big Sur with some adventures in between. Over 2000 miles, no‚Ä¶",2019-04-01 12:51:19,139,0.0,0.903,0.097,0.4003
73,@auto_schmidt @RenatoD14713839 @stang2k @franz_rother @Edison_Media @Tesla @ElectriveNet @ElectrekCo @BertelSchmitt‚Ä¶ https://t.co/viL3phBvuM,2019-04-01 12:51:15,140,0.0,1.0,0.0,0.0
74,@williamfong206 @Tesla If it was me I'd go back and kindly let them know your feelings.  Also suggest if they don't‚Ä¶ https://t.co/cFaVeenzjm,2019-04-01 12:51:05,140,0.0,0.868,0.132,0.4939
75,@williamfong206 @scot_work @Tesla You‚Äôre welcome. Hold your stance with conviction if they push back ‚Äî you deserve‚Ä¶ https://t.co/8EDo41lv2t,2019-04-01 12:50:57,139,0.0,0.842,0.158,0.4588
77,"@Apple , you guys need to stop poaching @Tesla employees, get your own people and train them, EV is not your thing.‚Ä¶ https://t.co/dNRnW9Dixq",2019-04-01 12:50:24,140,0.095,0.905,0.0,-0.296
78,@flippijones @TeslaSchweiz @TeslaModel3News @Tesla @elonmusk First time I see one in silver; this colour matches the 3 very well!,2019-04-01 12:50:04,129,0.0,0.856,0.144,0.3989
80,@dealer_of_happy @Tesla @StatsTeslaApp I will download the stats app now and check it out. I have 22 inch wheels an‚Ä¶ https://t.co/s5e44Vvi6M,2019-04-01 12:49:06,140,0.0,1.0,0.0,0.0
81,@RenatoD14713839 @stang2k @franz_rother @Edison_Media @Tesla @ElectriveNet @ElectrekCo @BertelSchmitt @Tweetermeyer‚Ä¶ https://t.co/ZdPhhETlYP,2019-04-01 12:48:55,140,0.0,1.0,0.0,0.0
82,"RT @RogerioFilipe5: @Tesla @elonmusk I paid my Model 3 P, did not deliver it on March 31 as agreed, and nobody knows what‚Äôs going on. What‚Ä¶",2019-04-01 12:48:43,139,0.0,0.916,0.084,0.2732
83,@williamfong206 @Tesla Don't feel bad. A $Tslaq bruh had a small rodent that kept accessing his cabin via the poor‚Ä¶ https://t.co/vGK3zPWTsf,2019-04-01 12:48:39,139,0.0,0.863,0.137,0.431
84,@stang2k @RenatoD14713839 @franz_rother @Edison_Media @Tesla @ElectriveNet @ElectrekCo @BertelSchmitt @Tweetermeyer‚Ä¶ https://t.co/jgCQZAt7ma,2019-04-01 12:48:33,140,0.0,1.0,0.0,0.0
85,@flippijones @TeslaSchweiz @TeslaModel3News @Tesla @elonmusk How did you get a silver one?? Had it been available I‚Ä¶ https://t.co/sI5iypKv1Q,2019-04-01 12:48:26,140,0.0,1.0,0.0,0.0
86,@RenatoD14713839 @auto_schmidt @franz_rother @Edison_Media @Tesla @ElectriveNet @ElectrekCo @BertelSchmitt‚Ä¶ https://t.co/YBJGuO3DGr,2019-04-01 12:48:06,131,0.0,1.0,0.0,0.0
87,@Hashtaggiting @scot_work @Tesla Thanks that‚Äôs my plan. I was so excited to get a new Tesla but this wasn‚Äôt cool at all,2019-04-01 12:48:05,119,0.0,0.71,0.29,0.7148
88,@williamfong206 @Tesla I thought it was only Subaru that was dog tested and dog approved.,2019-04-01 12:47:12,89,0.0,0.823,0.177,0.4215
89,@mrkylefield @Tesla @elonmusk Drivers don‚Äôt even need to be tricked. I see people driving the wrong way on a one way road all the time,2019-04-01 12:47:11,134,0.183,0.817,0.0,-0.5719
90,"RT @Erdayastronaut: I drove 4,500 miles in 10 days in my @Tesla #model3. I can‚Äôt tell you how relaxing and easy it is with autopilot and Te‚Ä¶",2019-04-01 12:46:54,140,0.0,0.79,0.21,0.7269
91,@RayDetroit @Tesla You would happen to have @StatsTeslaApp would you? I would be very curious to see your stats...‚Ä¶ https://t.co/ygEDfYaKn6,2019-04-01 12:46:53,139,0.0,0.874,0.126,0.3804
92,"@Two20Zer0 @arctechinc @Tesla @elonmusk I'm interested, how many miles do you do in a shift?",2019-04-01 12:46:35,92,0.0,0.828,0.172,0.4019
93,RT @whatsinside: Bought a time machine off EBay. Can now confirm when @Tesla is coming out with next gen roadster. You may not like the ans‚Ä¶,2019-04-01 12:46:22,140,0.081,0.919,0.0,-0.2755
94,RT @TeslaOwnersTwn: Test ride weekend! @TeslaOwnersTwn this weekend provided free test rides to a group of 270+ BMW owners. They were thoro‚Ä¶,2019-04-01 12:46:04,140,0.0,0.848,0.152,0.5562
95,@thenerdyfellow @oneplus @Tesla That's a McLaren P1 with op Branding,2019-04-01 12:46:00,68,0.0,1.0,0.0,0.0
97,RT @MinimalDuck: Just parked my #Model3 in a spot that wouldn‚Äôt allow me to get out bc of a support column. So I got out and backed in usin‚Ä¶,2019-04-01 12:45:29,140,0.0,0.801,0.199,0.5719
98,@syph007 @Tesla 729 used as loaner/test drive car. But how can you deliver a car like that and expect someone to ta‚Ä¶ https://t.co/3rOez7eKjR,2019-04-01 12:44:19,140,0.0,0.866,0.134,0.5023
99,"RT @jpr007: This says that Tesla has now broken through 7,000 vehicles in Norway for Q1 - totals shown add up to 7,001 and Sunday has still‚Ä¶",2019-04-01 12:43:53,140,0.11,0.89,0.0,-0.4767
